ApartmentID,ApartmentNo,SpaceSqFt,NoRooms,NoBathrooms,BuildingID
100,1,814,1,1,1
101,2,587,3,2,1
102,3,587,1,1,1
103,4,2056,4,1,1
104,5,1761,4,1,1
105,6,355,3,1,1
106,7,644,4,2,1
107,8,644,2,2,1
108,9,644,3,1,1
109,10,644,1,2,1
110,11,1377,3,1,1
111,12,914,1,1,1
112,13,868,1,1,1
113,14,587,4,1,1
114,15,910,4,1,1
115,16,1288,1,2,1
116,17,914,2,2,1
117,18,576,4,2,1
118,19,1451,4,2,1
119,20,576,3,1,1
120,21,355,1,2,1
121,22,644,3,1,1
122,23,868,2,1,1
123,24,1131,1,1,1
124,25,868,3,1,1
125,26,868,4,2,1
126,27,1643,4,1,1
127,28,1387,2,2,1
128,29,903,1,1,1
129,30,868,2,1,1
130,31,644,3,1,1
131,32,587,1,2,1
132,33,676,4,2,1
133,34,2056,4,2,1
134,35,1761,4,1,1
135,36,355,3,2,1
136,37,576,3,1,1
137,38,914,4,1,1
138,39,355,2,1,1
139,40,355,1,1,1
140,41,644,1,2,1
141,42,1451,4,2,1
142,43,914,1,1,1
143,44,644,1,1,1
144,45,644,3,1,1
145,46,1448,2,1,1
146,47,644,3,2,1
147,48,355,2,2,1
148,49,1288,1,1,1
149,50,644,1,2,1
150,51,743,1,1,1
151,52,1387,2,2,1
152,53,868,2,1,1
153,54,868,1,1,1
154,55,1387,1,1,1
155,56,587,3,1,1
156,57,1334,1,2,1
157,58,1334,4,2,1
158,59,1444,4,2,1
159,60,1690,4,2,1
160,61,1629,4,2,1
161,62,1483,4,2,1
162,63,1334,3,1,1
163,64,1273,4,2,1
164,65,1483,3,2,1
165,66,1690,2,1,1
166,67,1629,3,1,1
167,68,1690,4,1,1
168,69,1483,4,1,1
169,70,1483,2,2,1
170,71,1334,1,2,1
171,72,1483,3,2,1
172,73,1483,2,1,1
173,74,1483,3,1,1
174,75,1483,2,1,1
175,76,1483,1,2,1
176,77,1483,2,1,1
177,78,1483,4,2,1
178,79,910,1,2,1
179,80,914,1,2,1
180,81,914,2,1,1
181,82,1103,3,1,1
182,83,644,2,2,1
183,84,1761,3,2,1
184,85,2337,4,1,1
185,86,355,1,1,1
186,87,576,3,2,1
187,88,644,3,1,1
188,89,576,1,2,1
189,90,644,4,2,1
190,91,576,4,2,1
191,92,868,2,1,1
192,93,1643,3,2,1
193,94,1131,2,1,1
194,95,868,2,2,1
195,96,910,4,2,1
196,97,1437,2,2,1
197,98,1743,1,2,1
198,99,1366,2,1,1
199,100,1366,2,2,1
200,1,914,3,1,2
201,2,914,1,1,2
202,3,1448,4,1,2
203,4,644,2,2,2
204,5,914,2,2,2
205,6,914,1,1,2
206,7,1394,1,2,2
207,8,644,2,2,2
208,9,1103,3,2,2
209,10,1366,3,2,2
210,11,644,2,2,2
211,12,914,2,2,2
212,13,868,1,2,2
213,14,1131,4,2,2
214,15,1131,4,2,2
215,16,1387,2,2,2
216,17,1377,1,2,2
217,18,914,4,2,2
218,19,676,2,2,2
219,20,1690,3,1,2
220,21,1690,4,1,2
221,22,1273,1,2,2
222,23,1273,1,1,2
223,24,508,3,2,2
224,25,508,4,2,2
225,26,547,3,1,2
226,27,1437,2,2,2
227,28,355,3,2,2
228,29,355,3,1,2
229,30,644,2,2,2
230,31,1184,4,1,2
231,32,1103,2,2,2
232,33,743,3,2,2
233,34,644,4,2,2
234,35,743,1,2,2
235,36,914,1,1,2
236,37,914,3,1,2
237,38,914,4,1,2
238,39,644,4,1,2
239,40,644,2,1,2
240,41,914,3,1,2
241,42,1377,1,1,2
242,43,868,4,2,2
243,44,868,2,1,2
244,45,868,1,1,2
245,46,1387,3,1,2
246,47,914,3,2,2
247,48,868,4,2,2
248,49,1192,4,1,2
249,50,1131,1,2,2
250,51,868,4,1,2
251,52,914,2,2,2
252,53,587,1,1,2
253,54,1483,3,2,2
254,55,1483,2,2,2
255,56,1334,4,1,2
256,57,1273,4,2,2
257,58,910,2,1,2
258,59,914,1,2,2
259,60,644,4,2,2
260,61,914,1,1,2
261,62,2337,2,2,2
262,63,640,2,1,2
263,64,644,3,2,2
264,65,1394,2,2,2
265,66,576,1,1,2
266,67,914,2,2,2
267,68,640,3,2,2
268,69,914,3,1,2
269,70,355,2,2,2
270,71,1366,2,1,2
271,72,1796,2,2,2
272,73,868,4,2,2
273,74,868,1,2,2
274,75,903,1,1,2
275,76,1643,3,2,2
276,77,903,1,1,2
277,78,1131,3,2,2
278,79,914,3,2,2
279,80,1131,3,1,2
280,81,914,2,2,2
281,82,558,4,2,2
282,83,910,2,1,2
283,84,907,4,2,2
284,85,587,1,2,2
285,86,587,1,2,2
286,87,1273,4,2,2
287,88,1273,2,1,2
288,89,1690,3,2,2
289,90,1483,4,1,2
290,91,1690,1,1,2
291,92,1690,3,2,2
292,93,1690,2,2,2
293,94,1690,1,2,2
294,95,508,2,2,2
295,96,1149,3,2,2
296,97,1437,3,2,2
297,98,1412,4,1,2
298,99,914,2,1,2
299,100,1103,1,1,2
300,1,1451,1,1,3
301,2,355,4,2,3
302,3,914,3,1,3
303,4,644,2,1,3
304,5,644,3,2,3
305,6,644,1,1,3
306,7,644,3,2,3
307,8,1288,3,1,3
308,9,743,4,2,3
309,10,914,3,1,3
310,11,914,4,2,3
311,12,1448,1,2,3
312,13,355,3,2,3
313,14,914,3,1,3
314,15,1103,1,2,3
315,16,1103,2,1,3
316,17,1451,3,1,3
317,18,644,1,1,3
318,19,1377,1,1,3
319,20,868,4,2,3
320,21,1387,3,1,3
321,22,1377,4,1,3
322,23,1387,2,1,3
323,24,868,4,2,3
324,25,868,4,2,3
325,26,1131,1,2,3
326,27,914,4,1,3
327,28,1643,2,1,3
328,29,1131,3,1,3
329,30,1643,3,2,3
330,31,676,1,1,3
331,32,587,2,1,3
332,33,1444,1,2,3
333,34,1483,4,2,3
334,35,1690,1,1,3
335,36,1483,3,1,3
336,37,1483,4,2,3
337,38,1334,1,1,3
338,39,1483,1,1,3
339,40,508,4,1,3
340,41,914,1,1,3
341,42,1437,3,1,3
342,43,1761,1,2,3
343,44,644,4,2,3
344,45,1448,3,1,3
345,46,914,4,1,3
346,47,644,2,2,3
347,48,1366,4,1,3
348,49,1451,1,1,3
349,50,644,4,1,3
350,51,644,1,1,3
351,52,914,3,2,3
352,53,355,2,1,3
353,54,2337,3,1,3
354,55,1131,2,1,3
355,56,1377,2,2,3
356,57,814,2,2,3
357,58,587,3,2,3
358,59,676,4,1,3
359,60,498,3,2,3
360,61,1690,1,2,3
361,62,1483,2,1,3
362,63,1273,4,2,3
363,64,451,4,2,3
364,65,451,3,1,3
365,66,1437,3,2,3
366,67,1437,1,1,3
367,68,914,3,2,3
368,69,743,3,2,3
369,70,576,2,2,3
370,71,1761,3,1,3
371,72,1103,3,1,3
372,73,1451,3,1,3
373,74,914,3,2,3
374,75,1761,4,1,3
375,76,743,1,2,3
376,77,914,1,2,3
377,78,576,4,2,3
378,79,2337,2,1,3
379,80,1394,3,2,3
380,81,1394,4,1,3
381,82,1419,2,2,3
382,83,914,2,1,3
383,84,903,1,2,3
384,85,1377,3,1,3
385,86,1387,3,1,3
386,87,558,2,2,3
387,88,910,3,1,3
388,89,587,2,1,3
389,90,587,1,1,3
390,91,1334,1,1,3
391,92,1483,2,1,3
392,93,1273,4,2,3
393,94,1273,1,2,3
394,95,1483,4,1,3
395,96,1273,2,2,3
396,97,1334,3,2,3
397,98,2056,1,2,3
398,99,914,2,2,3
399,100,1419,4,1,3
400,1,914,3,2,4
401,2,1366,2,1,4
402,3,914,4,1,4
403,4,1366,1,1,4
404,5,914,4,2,4
405,6,355,1,1,4
406,7,1103,1,2,4
407,8,914,4,2,4
408,9,914,2,2,4
409,10,1288,2,2,4
410,11,1184,3,2,4
411,12,644,1,1,4
412,13,355,4,2,4
413,14,868,4,2,4
414,15,1387,2,1,4
415,16,868,2,2,4
416,17,1131,2,2,4
417,18,903,3,1,4
418,19,1387,3,1,4
419,20,1387,3,2,4
420,21,1387,1,1,4
421,22,903,4,1,4
422,23,868,2,2,4
423,24,903,4,1,4
424,25,868,3,2,4
425,26,1387,4,1,4
426,27,1483,1,2,4
427,28,1483,4,2,4
428,29,1483,3,2,4
429,30,1690,1,2,4
430,31,1483,2,2,4
431,32,1483,3,1,4
432,33,1743,3,1,4
433,34,2056,1,2,4
434,35,2056,1,2,4
435,36,576,2,2,4
436,37,576,4,1,4
437,38,914,3,1,4
438,39,914,3,2,4
439,40,576,2,1,4
440,41,743,3,2,4
441,42,644,1,1,4
442,43,644,4,1,4
443,44,1184,3,1,4
444,45,644,2,2,4
445,46,576,1,2,4
446,47,355,3,2,4
447,48,1451,1,1,4
448,49,1131,2,1,4
449,50,914,2,2,4
450,51,1131,2,1,4
451,52,1519,4,1,4
452,53,1377,4,1,4
453,54,1313,1,1,4
454,55,1690,1,1,4
455,56,1273,4,1,4
456,57,1483,1,1,4
457,58,1483,2,2,4
458,59,1483,4,2,4
459,60,1483,4,1,4
460,61,1743,2,2,4
461,62,2056,4,2,4
462,63,914,3,2,4
463,64,644,2,2,4
464,65,644,2,2,4
465,66,644,4,2,4
466,67,644,4,1,4
467,68,2337,1,2,4
468,69,914,3,2,4
469,70,2337,4,2,4
470,71,576,1,2,4
471,72,355,2,2,4
472,73,644,3,1,4
473,74,914,3,1,4
474,75,1394,3,1,4
475,76,355,3,2,4
476,77,914,1,2,4
477,78,644,1,1,4
478,79,914,3,1,4
479,80,903,1,1,4
480,81,1387,1,1,4
481,82,1387,4,2,4
482,83,1643,4,2,4
483,84,644,1,1,4
484,85,644,1,2,4
485,86,558,3,1,4
486,87,814,3,2,4
487,88,907,4,1,4
488,89,910,2,1,4
489,90,1437,3,2,4
490,91,644,2,1,4
491,92,914,3,1,4
492,93,743,4,1,4
493,94,576,4,2,4
494,95,1184,1,2,4
495,96,1419,1,1,4
496,97,644,4,1,4
497,98,355,3,2,4
498,99,914,2,1,4
499,100,644,3,2,4
500,1,576,2,1,5
501,2,644,4,2,5
502,3,644,3,1,5
503,4,743,2,2,5
504,5,914,4,1,5
505,6,1387,2,1,5
506,7,1387,4,1,5
507,8,914,1,2,5
508,9,1519,2,2,5
509,10,914,2,2,5
510,11,1387,1,1,5
511,12,430,2,1,5
512,13,430,4,2,5
513,14,587,4,1,5
514,15,910,2,1,5
515,16,1149,1,2,5
516,17,914,2,1,5
517,18,1761,1,1,5
518,19,914,1,1,5
519,20,576,1,2,5
520,21,1366,1,2,5
521,22,1394,4,2,5
522,23,1366,4,1,5
523,24,1366,3,1,5
524,25,1394,4,2,5
525,26,1394,1,2,5
526,27,1103,4,1,5
527,28,1394,3,1,5
528,29,1419,1,2,5
529,30,1394,3,2,5
530,31,1419,1,1,5
531,32,1394,3,2,5
532,33,1394,3,2,5
533,34,1103,4,2,5
534,35,1394,2,2,5
535,36,1394,2,2,5
536,37,1394,4,1,5
537,38,1394,1,2,5
538,39,1394,4,1,5
539,40,1394,1,2,5
540,41,1419,2,1,5
541,42,1394,3,2,5
542,43,1419,4,2,5
543,44,1394,2,1,5
544,45,1394,3,1,5
545,46,1394,1,2,5
546,47,1419,3,1,5
547,48,1394,1,2,5
548,49,1419,3,1,5
549,50,1394,3,2,5
550,51,1394,1,2,5
551,52,1394,4,1,5
552,53,1394,4,2,5
553,54,1394,2,1,5
554,55,1394,4,1,5
555,56,1394,2,1,5
556,57,1394,3,1,5
557,58,1394,3,1,5
558,59,1419,4,1,5
559,60,1394,4,1,5
560,61,1394,3,2,5
561,62,1394,1,1,5
562,63,1419,1,2,5
563,64,355,3,1,5
564,65,914,4,2,5
565,66,1131,4,1,5
566,67,868,2,1,5
567,68,1131,4,1,5
568,69,903,4,1,5
569,70,1928,4,1,5
570,71,910,4,2,5
571,72,508,2,2,5
572,73,910,2,1,5
573,74,1412,4,1,5
574,75,644,4,1,5
575,76,1394,2,2,5
576,77,914,1,2,5
577,78,355,4,1,5
578,79,743,2,1,5
579,80,743,1,1,5
580,81,355,4,2,5
581,82,1394,4,1,5
582,83,914,1,2,5
583,84,914,3,1,5
584,85,644,3,2,5
585,86,1366,3,2,5
586,87,868,3,2,5
587,88,914,4,2,5
588,89,644,4,1,5
589,90,644,1,1,5
590,91,558,1,2,5
591,92,636,1,2,5
592,93,910,2,1,5
593,94,587,3,1,5
594,95,1743,2,2,5
595,96,1419,3,2,5
596,97,644,1,1,5
597,98,355,3,2,5
598,99,644,1,1,5
599,100,1394,4,1,5
600,1,640,4,1,6
601,2,914,1,1,6
602,3,914,4,1,6
603,4,1643,1,1,6
604,5,1643,3,1,6
605,6,1928,4,1,6
606,7,1131,1,1,6
607,8,914,4,1,6
608,9,1419,1,1,6
609,10,644,3,1,6
610,11,644,1,2,6
611,12,644,4,1,6
612,13,1184,2,2,6
613,14,644,4,1,6
614,15,1394,1,1,6
615,16,644,3,1,6
616,17,1103,2,1,6
617,18,2337,3,2,6
618,19,355,3,2,6
619,20,914,2,2,6
620,21,868,1,2,6
621,22,1928,1,1,6
622,23,1928,4,1,6
623,24,910,1,1,6
624,25,914,2,1,6
625,26,914,2,1,6
626,27,1761,1,2,6
627,28,914,1,1,6
628,29,914,1,2,6
629,30,914,4,1,6
630,31,914,1,2,6
631,32,644,4,2,6
632,33,355,2,2,6
633,34,576,1,1,6
634,35,914,2,2,6
635,36,1419,3,2,6
636,37,1394,3,2,6
637,38,1394,2,1,6
638,39,1394,4,1,6
639,40,743,4,2,6
640,41,743,4,2,6
641,42,1394,3,1,6
642,43,1394,4,2,6
643,44,355,3,1,6
644,45,1928,2,2,6
645,46,903,3,2,6
646,47,868,4,1,6
647,48,903,3,1,6
648,49,1131,4,1,6
649,50,914,2,1,6
650,51,914,3,1,6
651,52,430,4,2,6
652,53,644,1,1,6
653,54,558,4,1,6
654,55,644,1,2,6
655,56,910,3,1,6
656,57,910,1,2,6
657,58,910,3,1,6
658,59,914,2,2,6
659,60,914,2,1,6
660,61,910,1,2,6
661,62,910,3,2,6
662,63,811,4,2,6
663,64,587,1,2,6
664,65,1437,3,1,6
665,66,818,2,2,6
666,67,1394,3,2,6
667,68,355,3,1,6
668,69,644,3,2,6
669,70,644,1,2,6
670,71,914,3,1,6
671,72,743,2,2,6
672,73,743,1,2,6
673,74,1366,3,1,6
674,75,1394,1,2,6
675,76,914,3,2,6
676,77,644,1,2,6
677,78,914,3,1,6
678,79,1451,3,2,6
679,80,914,2,2,6
680,81,829,2,2,6
681,82,914,1,2,6
682,83,644,2,1,6
683,84,914,1,1,6
684,85,1394,2,2,6
685,86,1761,3,2,6
686,87,914,4,2,6
687,88,914,1,1,6
688,89,743,2,1,6
689,90,914,3,2,6
690,91,355,3,1,6
691,92,914,4,1,6
692,93,903,1,1,6
693,94,1377,4,1,6
694,95,1131,3,1,6
695,96,868,2,1,6
696,97,1796,1,2,6
697,98,2092,1,1,6
698,99,1643,1,2,6
699,100,914,2,1,6
700,1,910,1,1,7
701,2,910,3,1,7
702,3,1160,4,1,7
703,4,910,4,1,7
704,5,914,4,1,7
705,6,1160,4,1,7
706,7,910,3,2,7
707,8,910,1,1,7
708,9,910,2,1,7
709,10,910,1,1,7
710,11,914,2,1,7
711,12,910,3,2,7
712,13,818,4,1,7
713,14,644,4,2,7
714,15,644,2,1,7
715,16,1451,4,1,7
716,17,1103,2,1,7
717,18,355,1,2,7
718,19,576,4,1,7
719,20,644,4,2,7
720,21,576,1,2,7
721,22,1394,4,1,7
722,23,1761,3,2,7
723,24,644,1,2,7
724,25,914,1,2,7
725,26,1184,2,1,7
726,27,914,2,1,7
727,28,914,4,2,7
728,29,644,2,1,7
729,30,743,1,1,7
730,31,914,3,2,7
731,32,1394,2,2,7
732,33,1419,3,2,7
733,34,1184,4,1,7
734,35,914,2,1,7
735,36,2337,2,2,7
736,37,1643,4,2,7
737,38,914,4,1,7
738,39,1519,2,2,7
739,40,1643,3,2,7
740,41,903,1,1,7
741,42,903,2,1,7
742,43,1643,1,2,7
743,44,903,2,2,7
744,45,910,1,2,7
745,46,910,4,1,7
746,47,1160,4,2,7
747,48,914,1,2,7
748,49,914,3,1,7
749,50,914,2,2,7
750,51,910,1,2,7
751,52,587,3,2,7
752,53,1149,3,2,7
753,54,1412,4,2,7
754,55,1743,4,1,7
755,56,914,2,1,7
756,57,644,2,1,7
757,58,1394,3,1,7
758,59,355,2,2,7
759,60,914,1,2,7
760,61,1394,2,2,7
761,62,355,2,1,7
762,63,644,2,2,7
763,64,914,4,2,7
764,65,743,2,1,7
765,66,914,4,2,7
766,67,743,1,1,7
767,68,914,1,1,7
768,69,576,4,2,7
769,70,914,3,1,7
770,71,743,3,2,7
771,72,1519,2,2,7
772,73,914,2,2,7
773,74,1377,2,1,7
774,75,868,4,2,7
775,76,1131,2,2,7
776,77,1131,3,1,7
777,78,1313,2,1,7
778,79,914,1,1,7
779,80,903,1,2,7
780,81,1131,2,2,7
781,82,1377,4,1,7
782,83,903,2,1,7
783,84,910,1,2,7
784,85,910,1,1,7
785,86,1160,3,2,7
786,87,914,2,1,7
787,88,910,1,1,7
788,89,910,3,2,7
789,90,910,4,2,7
790,91,914,2,2,7
791,92,914,1,1,7
792,93,910,1,2,7
793,94,910,3,1,7
794,95,914,1,1,7
795,96,910,3,1,7
796,97,910,2,1,7
797,98,910,4,1,7
798,99,910,3,1,7
799,100,910,2,1,7
800,1,636,3,1,8
801,2,587,2,2,8
802,3,914,1,2,8
803,4,818,1,1,8
804,5,914,3,1,8
805,6,914,1,2,8
806,7,914,1,2,8
807,8,1419,4,1,8
808,9,644,2,2,8
809,10,743,1,2,8
810,11,1448,1,2,8
811,12,1761,2,2,8
812,13,576,4,2,8
813,14,644,2,2,8
814,15,355,1,1,8
815,16,644,2,1,8
816,17,914,1,2,8
817,18,1167,1,2,8
818,19,914,4,1,8
819,20,743,1,1,8
820,21,644,4,2,8
821,22,829,2,2,8
822,23,1184,1,1,8
823,24,1387,3,2,8
824,25,868,3,2,8
825,26,1643,1,2,8
826,27,868,1,2,8
827,28,1928,1,2,8
828,29,914,4,2,8
829,30,868,4,2,8
830,31,1387,3,2,8
831,32,1387,4,2,8
832,33,868,2,2,8
833,34,1387,1,1,8
834,35,1519,4,2,8
835,36,1928,1,1,8
836,37,1387,2,2,8
837,38,910,1,2,8
838,39,910,2,2,8
839,40,914,1,1,8
840,41,910,1,2,8
841,42,1160,3,2,8
842,43,910,1,2,8
843,44,910,1,1,8
844,45,910,4,1,8
845,46,910,2,2,8
846,47,910,3,1,8
847,48,1160,1,2,8
848,49,1160,2,2,8
849,50,910,2,2,8
850,51,910,2,1,8
851,52,910,4,1,8
852,53,910,1,1,8
853,54,1160,4,1,8
854,55,1160,4,1,8
855,56,910,4,1,8
856,57,1160,3,1,8
857,58,1160,3,1,8
858,59,910,3,2,8
859,60,910,4,2,8
860,61,914,4,2,8
861,62,910,2,2,8
862,63,910,2,2,8
863,64,910,1,2,8
864,65,910,1,2,8
865,66,910,4,1,8
866,67,1160,3,1,8
867,68,1160,2,2,8
868,69,1160,4,1,8
869,70,1160,2,2,8
870,71,1160,2,1,8
871,72,1160,1,1,8
872,73,910,1,2,8
873,74,1160,1,2,8
874,75,1160,4,1,8
875,76,1160,4,1,8
876,77,1160,4,1,8
877,78,910,4,1,8
878,79,1160,2,2,8
879,80,1160,1,1,8
880,81,910,2,1,8
881,82,1160,2,1,8
882,83,1160,4,1,8
883,84,910,3,2,8
884,85,910,3,1,8
885,86,910,4,1,8
886,87,1160,2,2,8
887,88,910,4,2,8
888,89,910,2,2,8
889,90,1160,1,2,8
890,91,910,3,1,8
891,92,1160,4,2,8
892,93,1160,3,1,8
893,94,1160,4,2,8
894,95,910,4,2,8
895,96,1160,2,2,8
896,97,1160,4,2,8
897,98,910,1,2,8
898,99,1160,4,2,8
899,100,636,4,1,8
900,1,587,2,2,9
901,2,547,3,1,9
902,3,914,3,2,9
903,4,818,3,1,9
904,5,914,1,2,9
905,6,743,2,1,9
906,7,1448,2,1,9
907,8,914,3,1,9
908,9,914,1,1,9
909,10,1366,4,2,9
910,11,829,1,1,9
911,12,644,3,1,9
912,13,914,4,2,9
913,14,914,2,1,9
914,15,914,4,2,9
915,16,914,4,2,9
916,17,914,1,2,9
917,18,914,3,1,9
918,19,1366,1,1,9
919,20,1131,3,1,9
920,21,868,4,2,9
921,22,1377,1,2,9
922,23,914,3,1,9
923,24,1377,1,1,9
924,25,910,1,2,9
925,26,910,3,1,9
926,27,910,2,2,9
927,28,910,3,1,9
928,29,910,1,2,9
929,30,910,2,1,9
930,31,910,3,1,9
931,32,910,1,1,9
932,33,1160,2,2,9
933,34,910,4,1,9
934,35,1160,2,2,9
935,36,1160,3,2,9
936,37,910,3,1,9
937,38,1160,3,1,9
938,39,910,1,1,9
939,40,1160,4,1,9
940,41,910,2,1,9
941,42,907,4,2,9
942,43,811,2,2,9
943,44,914,4,2,9
944,45,1412,1,2,9
945,46,1366,2,2,9
946,47,1366,1,2,9
947,48,914,1,1,9
948,49,644,3,2,9
949,50,829,1,1,9
950,51,644,1,2,9
951,52,644,2,1,9
952,53,914,1,1,9
953,54,644,2,2,9
954,55,1184,4,1,9
955,56,644,2,1,9
956,57,914,2,1,9
957,58,576,3,1,9
958,59,914,1,1,9
959,60,914,3,1,9
960,61,914,4,2,9
961,62,914,2,2,9
962,63,644,1,2,9
963,64,743,3,2,9
964,65,355,1,1,9
965,66,914,1,1,9
966,67,576,2,1,9
967,68,1451,3,2,9
968,69,644,1,1,9
969,70,743,3,2,9
970,71,914,1,1,9
971,72,914,4,1,9
972,73,914,1,1,9
973,74,1451,2,2,9
974,75,914,1,2,9
975,76,868,3,2,9
976,77,1387,2,1,9
977,78,868,1,2,9
978,79,1519,4,1,9
979,80,868,3,1,9
980,81,1387,1,2,9
981,82,868,1,1,9
982,83,1160,2,1,9
983,84,1160,1,2,9
984,85,1160,2,1,9
985,86,1160,1,1,9
986,87,587,2,1,9
987,88,587,1,1,9
988,89,1437,2,1,9
989,90,1437,1,2,9
990,91,818,1,1,9
991,92,1437,4,2,9
992,93,914,2,1,9
993,94,1103,3,2,9
994,95,644,2,2,9
995,96,743,3,1,9
996,97,743,1,1,9
997,98,1451,3,1,9
998,99,743,3,2,9
999,100,829,1,2,9
1000,1,914,2,2,10
1001,2,914,4,1,10
1002,3,1419,1,1,10
1003,4,914,2,1,10
1004,5,576,1,2,10
1005,6,644,2,2,10
1006,7,1288,4,2,10
1007,8,914,2,2,10
1008,9,1451,2,2,10
1009,10,640,1,2,10
1010,11,1103,2,2,10
1011,12,914,1,1,10
1012,13,914,4,2,10
1013,14,576,1,2,10
1014,15,2337,3,1,10
1015,16,644,4,2,10
1016,17,644,1,1,10
1017,18,1103,3,2,10
1018,19,644,2,2,10
1019,20,640,2,2,10
1020,21,644,2,2,10
1021,22,914,3,2,10
1022,23,1131,2,1,10
1023,24,903,3,1,10
1024,25,1377,1,1,10
1025,26,903,4,2,10
1026,27,1643,4,2,10
1027,28,1377,4,2,10
1028,29,868,4,2,10
1029,30,1643,2,2,10
1030,31,1387,2,2,10
1031,32,910,2,1,10
1032,33,910,3,2,10
1033,34,1160,2,1,10
1034,35,1444,3,1,10
1035,36,1273,1,1,10
1036,37,1334,2,2,10
1037,38,1273,1,2,10
1038,39,818,1,1,10
1039,40,355,1,1,10
1040,41,644,4,2,10
1041,42,1288,1,1,10
1042,43,1451,3,2,10
1043,44,644,2,1,10
1044,45,914,3,1,10
1045,46,640,3,1,10
1046,47,355,4,1,10
1047,48,644,4,1,10
1048,49,914,3,1,10
1049,50,1184,4,2,10
1050,51,576,2,1,10
1051,52,914,4,1,10
1052,53,914,4,2,10
1053,54,644,4,1,10
1054,55,576,1,2,10
1055,56,640,4,1,10
1056,57,355,4,1,10
1057,58,914,4,1,10
1058,59,829,4,1,10
1059,60,743,1,2,10
1060,61,868,4,2,10
1061,62,868,4,1,10
1062,63,903,4,1,10
1063,64,868,4,2,10
1064,65,1192,1,2,10
1065,66,1131,3,1,10
1066,67,914,2,1,10
1067,68,1387,2,2,10
1068,69,1519,1,2,10
1069,70,868,1,1,10
1070,71,644,2,2,10
1071,72,644,3,2,10
1072,73,558,3,1,10
1073,74,1060,1,2,10
1074,75,910,2,2,10
1075,76,910,4,1,10
1076,77,811,3,1,10
1077,78,1273,3,1,10
1078,79,1444,3,1,10
1079,80,1334,2,1,10
1080,81,1483,2,1,10
1081,82,818,2,2,10
1082,83,818,3,1,10
1083,84,914,4,2,10
1084,85,2337,2,2,10
1085,86,644,2,2,10
1086,87,914,4,1,10
1087,88,914,1,2,10
1088,89,644,1,2,10
1089,90,914,2,2,10
1090,91,355,4,2,10
1091,92,644,2,1,10
1092,93,576,3,1,10
1093,94,644,4,2,10
1094,95,914,4,2,10
1095,96,914,4,2,10
1096,97,868,4,2,10
1097,98,1387,4,2,10
1098,99,868,3,1,10
1099,100,1643,1,2,10
1100,1,1387,3,1,11
1101,2,1387,3,1,11
1102,3,857,2,1,11
1103,4,868,4,1,11
1104,5,644,4,1,11
1105,6,644,4,2,11
1106,7,1160,2,1,11
1107,8,1160,4,1,11
1108,9,910,2,1,11
1109,10,1334,2,2,11
1110,11,1690,2,1,11
1111,12,1690,2,1,11
1112,13,1690,4,1,11
1113,14,1273,2,2,11
1114,15,1273,4,2,11
1115,16,914,2,1,11
1116,17,644,2,2,11
1117,18,743,2,1,11
1118,19,914,4,1,11
1119,20,1394,4,2,11
1120,21,914,2,2,11
1121,22,576,1,1,11
1122,23,743,4,1,11
1123,24,1451,3,1,11
1124,25,914,1,2,11
1125,26,1167,4,1,11
1126,27,644,1,2,11
1127,28,576,1,1,11
1128,29,644,2,1,11
1129,30,914,1,1,11
1130,31,743,2,2,11
1131,32,1451,3,2,11
1132,33,355,1,1,11
1133,34,1761,4,2,11
1134,35,914,1,1,11
1135,36,914,2,2,11
1136,37,576,2,2,11
1137,38,914,1,2,11
1138,39,1519,3,1,11
1139,40,903,3,2,11
1140,41,1377,1,2,11
1141,42,903,1,1,11
1142,43,1643,4,2,11
1143,44,1387,2,1,11
1144,45,910,1,2,11
1145,46,1160,2,2,11
1146,47,910,4,2,11
1147,48,587,4,2,11
1148,49,1334,1,2,11
1149,50,1690,4,2,11
1150,51,508,4,2,11
1151,52,1437,3,2,11
1152,53,743,1,2,11
1153,54,576,3,1,11
1154,55,644,3,2,11
1155,56,644,4,1,11
1156,57,914,3,1,11
1157,58,743,2,2,11
1158,59,1451,1,2,11
1159,60,1394,1,1,11
1160,61,644,3,1,11
1161,62,355,1,1,11
1162,63,355,2,1,11
1163,64,829,1,2,11
1164,65,640,4,2,11
1165,66,640,4,1,11
1166,67,914,1,1,11
1167,68,743,1,2,11
1168,69,743,3,1,11
1169,70,644,1,1,11
1170,71,355,3,1,11
1171,72,914,2,2,11
1172,73,914,1,1,11
1173,74,1313,1,1,11
1174,75,1643,4,2,11
1175,76,914,4,2,11
1176,77,857,3,1,11
1177,78,868,2,1,11
1178,79,558,4,1,11
1179,80,644,2,2,11
1180,81,910,2,1,11
1181,82,910,1,1,11
1182,83,811,2,1,11
1183,84,1690,1,1,11
1184,85,1483,2,1,11
1185,86,1483,3,2,11
1186,87,818,2,2,11
1187,88,914,3,2,11
1188,89,914,3,1,11
1189,90,355,2,1,11
1190,91,914,4,1,11
1191,92,914,1,1,11
1192,93,1448,1,2,11
1193,94,644,3,2,11
1194,95,355,2,2,11
1195,96,644,2,2,11
1196,97,1288,2,1,11
1197,98,914,4,2,11
1198,99,914,3,2,11
1199,100,1394,4,2,11
1200,1,644,1,2,12
1201,2,914,4,1,12
1202,3,1643,3,2,12
1203,4,1377,3,2,12
1204,5,868,2,2,12
1205,6,1377,1,2,12
1206,7,1131,4,1,12
1207,8,871,4,1,12
1208,9,1643,4,2,12
1209,10,868,3,1,12
1210,11,868,2,1,12
1211,12,1313,2,2,12
1212,13,558,2,1,12
1213,14,914,2,2,12
1214,15,914,4,1,12
1215,16,558,1,1,12
1216,17,910,2,2,12
1217,18,910,2,2,12
1218,19,1444,4,1,12
1219,20,1444,4,2,12
1220,21,1334,3,1,12
1221,22,1690,4,1,12
1222,23,1690,1,1,12
1223,24,1334,3,1,12
1224,25,1690,3,1,12
1225,26,451,4,2,12
1226,27,508,1,2,12
1227,28,818,4,1,12
1228,29,818,2,1,12
1229,30,818,2,1,12
1230,31,818,1,2,12
1231,32,914,2,1,12
1232,33,576,4,2,12
1233,34,576,2,2,12
1234,35,914,2,2,12
1235,36,644,2,2,12
1236,37,640,3,1,12
1237,38,644,1,1,12
1238,39,355,3,1,12
1239,40,644,2,2,12
1240,41,640,1,2,12
1241,42,914,3,1,12
1242,43,743,3,2,12
1243,44,914,1,2,12
1244,45,914,1,2,12
1245,46,914,2,2,12
1246,47,1167,1,1,12
1247,48,1448,4,2,12
1248,49,914,2,1,12
1249,50,914,3,2,12
1250,51,644,3,2,12
1251,52,743,3,1,12
1252,53,644,3,1,12
1253,54,743,4,2,12
1254,55,644,1,1,12
1255,56,1313,4,1,12
1256,57,903,2,1,12
1257,58,868,4,2,12
1258,59,914,3,1,12
1259,60,868,4,2,12
1260,61,1643,4,2,12
1261,62,814,1,1,12
1262,63,910,2,1,12
1263,64,587,4,2,12
1264,65,1334,3,1,12
1265,66,1690,2,1,12
1266,67,1690,1,2,12
1267,68,910,2,1,12
1268,69,1437,1,2,12
1269,70,355,4,2,12
1270,71,355,1,1,12
1271,72,576,1,2,12
1272,73,1394,1,1,12
1273,74,644,1,1,12
1274,75,1451,1,2,12
1275,76,355,4,2,12
1276,77,914,2,2,12
1277,78,914,1,2,12
1278,79,914,1,2,12
1279,80,868,2,2,12
1280,81,868,1,2,12
1281,82,1796,2,1,12
1282,83,1643,3,2,12
1283,84,1131,3,1,12
1284,85,1160,4,2,12
1285,86,910,3,1,12
1286,87,587,2,1,12
1287,88,1334,1,1,12
1288,89,1483,1,1,12
1289,90,1483,2,1,12
1290,91,1690,4,2,12
1291,92,508,3,2,12
1292,93,508,2,2,12
1293,94,572,4,1,12
1294,95,572,4,2,12
1295,96,572,1,1,12
1296,97,572,2,1,12
1297,98,572,4,2,12
1298,99,572,3,2,12
1299,100,572,2,2,12
1300,1,572,3,1,13
1301,2,572,4,2,13
1302,3,572,2,1,13
1303,4,572,4,2,13
1304,5,572,3,1,13
1305,6,572,1,2,13
1306,7,572,2,1,13
1307,8,572,2,1,13
1308,9,572,3,1,13
1309,10,572,3,1,13
1310,11,572,2,2,13
1311,12,572,3,1,13
1312,13,572,3,2,13
1313,14,572,2,2,13
1314,15,572,2,1,13
1315,16,572,2,2,13
1316,17,572,1,1,13
1317,18,572,3,2,13
1318,19,572,3,2,13
1319,20,572,1,1,13
1320,21,572,4,1,13
1321,22,572,2,2,13
1322,23,572,1,1,13
1323,24,572,4,2,13
1324,25,572,1,1,13
1325,26,572,4,1,13
1326,27,572,1,1,13
1327,28,572,1,2,13
1328,29,572,1,1,13
1329,30,572,3,2,13
1330,31,572,3,2,13
1331,32,572,4,1,13
1332,33,572,3,1,13
1333,34,572,1,2,13
1334,35,572,3,1,13
1335,36,1419,3,1,13
1336,37,572,3,1,13
1337,38,572,2,2,13
1338,39,572,4,2,13
1339,40,572,3,1,13
1340,41,572,2,2,13
1341,42,572,4,2,13
1342,43,572,2,2,13
1343,44,572,4,1,13
1344,45,572,4,2,13
1345,46,572,3,1,13
1346,47,572,2,2,13
1347,48,572,1,2,13
1348,49,572,1,1,13
1349,50,572,2,2,13
1350,51,572,4,2,13
1351,52,572,2,2,13
1352,53,572,1,2,13
1353,54,572,1,2,13
1354,55,572,3,1,13
1355,56,572,2,2,13
1356,57,914,3,2,13
1357,58,572,2,2,13
1358,59,572,1,1,13
1359,60,572,3,2,13
1360,61,572,4,1,13
1361,62,572,2,2,13
1362,63,572,1,1,13
1363,64,572,3,1,13
1364,65,914,3,2,13
1365,66,572,1,1,13
1366,67,572,3,1,13
1367,68,572,2,2,13
1368,69,572,3,2,13
1369,70,572,2,2,13
1370,71,572,4,1,13
1371,72,572,1,1,13
1372,73,572,2,1,13
1373,74,572,1,2,13
1374,75,572,1,2,13
1375,76,572,4,1,13
1376,77,572,3,1,13
1377,78,572,4,1,13
1378,79,572,2,1,13
1379,80,572,3,2,13
1380,81,572,1,1,13
1381,82,572,3,2,13
1382,83,572,1,2,13
1383,84,572,3,2,13
1384,85,572,2,1,13
1385,86,572,3,2,13
1386,87,572,2,2,13
1387,88,572,1,2,13
1388,89,572,3,1,13
1389,90,572,4,1,13
1390,91,572,4,2,13
1391,92,572,4,1,13
1392,93,572,1,1,13
1393,94,572,3,2,13
1394,95,572,3,1,13
1395,96,572,2,1,13
1396,97,572,1,1,13
1397,98,572,3,1,13
1398,99,572,2,2,13
1399,100,572,2,2,13
1400,1,572,1,1,14
1401,2,572,2,2,14
1402,3,572,1,2,14
1403,4,572,2,2,14
1404,5,572,1,1,14
1405,6,572,1,2,14
1406,7,572,2,1,14
1407,8,572,1,1,14
1408,9,572,1,1,14
1409,10,572,1,1,14
1410,11,572,2,2,14
1411,12,572,1,2,14
1412,13,572,1,1,14
1413,14,572,1,1,14
1414,15,572,4,2,14
1415,16,572,4,1,14
1416,17,572,4,1,14
1417,18,572,4,2,14
1418,19,572,1,2,14
1419,20,572,1,1,14
1420,21,572,3,2,14
1421,22,572,1,2,14
1422,23,572,4,1,14
1423,24,572,3,1,14
1424,25,572,2,1,14
1425,26,572,3,1,14
1426,27,572,4,1,14
1427,28,572,3,2,14
1428,29,743,4,2,14
1429,30,743,1,2,14
1430,31,572,3,1,14
1431,32,572,2,2,14
1432,33,572,3,1,14
1433,34,572,1,2,14
1434,35,572,2,1,14
1435,36,572,3,2,14
1436,37,572,1,1,14
1437,38,743,2,2,14
1438,39,572,4,2,14
1439,40,572,3,1,14
1440,41,572,1,1,14
1441,42,572,1,1,14
1442,43,572,1,2,14
1443,44,572,4,1,14
1444,45,572,2,1,14
1445,46,572,4,1,14
1446,47,572,4,2,14
1447,48,572,3,1,14
1448,49,572,1,1,14
1449,50,743,3,2,14
1450,51,743,1,1,14
1451,52,572,4,2,14
1452,53,572,2,2,14
1453,54,1131,2,1,14
1454,55,1519,2,1,14
1455,56,903,3,2,14
1456,57,636,4,1,14
1457,58,676,1,2,14
1458,59,1334,2,1,14
1459,60,914,1,2,14
1460,61,914,4,1,14
1461,62,644,1,1,14
1462,63,355,1,2,14
1463,64,914,1,2,14
1464,65,914,3,2,14
1465,66,572,1,1,14
1466,67,2337,1,2,14
1467,68,914,4,2,14
1468,69,644,3,1,14
1469,70,914,4,2,14
1470,71,572,1,2,14
1471,72,644,1,1,14
1472,73,572,4,2,14
1473,74,572,2,1,14
1474,75,572,2,1,14
1475,76,1451,2,2,14
1476,77,572,1,2,14
1477,78,644,1,1,14
1478,79,355,1,2,14
1479,80,572,1,2,14
1480,81,576,1,1,14
1481,82,914,1,2,14
1482,83,576,4,2,14
1483,84,829,4,1,14
1484,85,572,4,2,14
1485,86,2337,4,1,14
1486,87,1313,1,2,14
1487,88,1377,3,2,14
1488,89,868,3,2,14
1489,90,871,2,2,14
1490,91,868,4,2,14
1491,92,1377,3,2,14
1492,93,644,2,1,14
1493,94,1160,3,1,14
1494,95,910,1,2,14
1495,96,910,2,1,14
1496,97,914,4,2,14
1497,98,2056,1,1,14
1498,99,1103,4,2,14
1499,100,572,4,2,14
1500,1,1288,4,2,15
1501,2,1366,2,2,15
1502,3,576,4,2,15
1503,4,355,1,2,15
1504,5,572,1,2,15
1505,6,914,2,1,15
1506,7,576,4,1,15
1507,8,914,1,1,15
1508,9,914,3,1,15
1509,10,644,4,2,15
1510,11,576,1,1,15
1511,12,914,4,2,15
1512,13,914,3,2,15
1513,14,914,2,1,15
1514,15,914,1,2,15
1515,16,868,3,1,15
1516,17,903,1,2,15
1517,18,914,2,2,15
1518,19,910,4,1,15
1519,20,636,3,1,15
1520,21,910,1,1,15
1521,22,587,3,2,15
1522,23,508,4,1,15
1523,24,1149,1,2,15
1524,25,1437,3,1,15
1525,26,914,3,1,15
1526,27,914,2,1,15
1527,28,572,3,2,15
1528,29,1103,4,1,15
1529,30,914,3,1,15
1530,31,644,1,2,15
1531,32,914,1,1,15
1532,33,1451,2,1,15
1533,34,576,3,1,15
1534,35,572,4,1,15
1535,36,644,3,2,15
1536,37,576,4,1,15
1537,38,644,2,1,15
1538,39,576,1,2,15
1539,40,914,3,1,15
1540,41,743,3,1,15
1541,42,743,3,1,15
1542,43,355,1,1,15
1543,44,572,4,1,15
1544,45,576,2,1,15
1545,46,1184,1,1,15
1546,47,914,2,1,15
1547,48,572,4,2,15
1548,49,914,2,1,15
1549,50,644,2,2,15
1550,51,644,2,1,15
1551,52,743,2,2,15
1552,53,1103,2,1,15
1553,54,644,2,2,15
1554,55,914,2,1,15
1555,56,829,4,2,15
1556,57,914,1,2,15
1557,58,644,1,2,15
1558,59,914,4,2,15
1559,60,1394,1,2,15
1560,61,1288,2,1,15
1561,62,1313,2,1,15
1562,63,1643,4,1,15
1563,64,2092,4,1,15
1564,65,1519,2,2,15
1565,66,857,2,1,15
1566,67,1387,1,1,15
1567,68,1796,4,2,15
1568,69,868,3,1,15
1569,70,644,4,2,15
1570,71,814,1,2,15
1571,72,814,2,2,15
1572,73,508,1,2,15
1573,74,1412,2,2,15
1574,75,1743,4,1,15
1575,76,2056,1,2,15
1576,77,640,1,2,15
1577,78,644,2,1,15
1578,79,914,1,2,15
1579,80,743,4,1,15
1580,81,1184,4,2,15
1581,82,1451,1,1,15
1582,83,644,3,2,15
1583,84,743,2,1,15
1584,85,914,1,1,15
1585,86,914,1,2,15
1586,87,2337,4,1,15
1587,88,914,1,2,15
1588,89,914,2,1,15
1589,90,903,1,2,15
1590,91,1643,3,1,15
1591,92,910,1,1,15
1592,93,910,4,1,15
1593,94,910,4,1,15
1594,95,910,2,2,15
1595,96,811,2,1,15
1596,97,811,1,2,15
1597,98,910,3,1,15
1598,99,636,3,1,15
1599,100,814,2,1,15
1600,1,811,4,1,16
1601,2,636,4,1,16
1602,3,814,4,1,16
1603,4,910,4,2,16
1604,5,910,3,1,16
1605,6,910,4,1,16
1606,7,814,1,2,16
1607,8,1483,2,1,16
1608,9,1483,3,1,16
1609,10,1690,4,1,16
1610,11,1483,1,2,16
1611,12,1483,1,2,16
1612,13,1690,2,2,16
1613,14,1483,2,1,16
1614,15,1483,4,2,16
1615,16,1690,4,1,16
1616,17,1483,1,2,16
1617,18,910,3,1,16
1618,19,1743,1,1,16
1619,20,914,1,1,16
1620,21,644,4,2,16
1621,22,644,1,1,16
1622,23,1167,1,1,16
1623,24,576,1,1,16
1624,25,2337,4,1,16
1625,26,576,2,2,16
1626,27,914,3,1,16
1627,28,355,1,2,16
1628,29,572,4,1,16
1629,30,1103,4,2,16
1630,31,640,3,1,16
1631,32,914,2,2,16
1632,33,644,1,1,16
1633,34,644,1,2,16
1634,35,914,3,2,16
1635,36,914,3,1,16
1636,37,2337,1,2,16
1637,38,914,2,2,16
1638,39,1103,1,1,16
1639,40,1167,2,1,16
1640,41,829,1,2,16
1641,42,914,2,1,16
1642,43,743,4,1,16
1643,44,914,2,1,16
1644,45,644,1,2,16
1645,46,743,1,1,16
1646,47,1366,1,2,16
1647,48,914,1,1,16
1648,49,743,4,1,16
1649,50,914,4,1,16
1650,51,914,2,1,16
1651,52,644,2,2,16
1652,53,914,1,2,16
1653,54,1103,3,2,16
1654,55,644,1,2,16
1655,56,914,2,1,16
1656,57,572,3,1,16
1657,58,829,4,2,16
1658,59,644,3,1,16
1659,60,868,3,1,16
1660,61,1313,2,2,16
1661,62,1796,4,2,16
1662,63,914,1,2,16
1663,64,868,4,1,16
1664,65,903,4,2,16
1665,66,868,1,1,16
1666,67,868,2,1,16
1667,68,644,2,1,16
1668,69,644,3,2,16
1669,70,636,3,2,16
1670,71,910,2,2,16
1671,72,910,2,1,16
1672,73,910,2,1,16
1673,74,910,4,2,16
1674,75,1690,3,2,16
1675,76,1334,2,1,16
1676,77,1483,2,1,16
1677,78,1483,3,2,16
1678,79,1690,3,2,16
1679,80,1483,1,1,16
1680,81,1483,1,2,16
1681,82,1483,3,1,16
1682,83,1690,2,1,16
1683,84,508,4,2,16
1684,85,793,2,2,16
1685,86,508,4,2,16
1686,87,914,3,1,16
1687,88,1412,2,1,16
1688,89,1437,4,1,16
1689,90,914,2,2,16
1690,91,914,1,2,16
1691,92,743,4,2,16
1692,93,743,2,2,16
1693,94,1184,4,2,16
1694,95,914,3,2,16
1695,96,914,1,2,16
1696,97,644,2,1,16
1697,98,1394,4,2,16
1698,99,914,1,2,16
1699,100,1394,4,1,16
1700,1,914,1,1,17
1701,2,644,4,2,17
1702,3,644,3,2,17
1703,4,1394,4,2,17
1704,5,914,1,1,17
1705,6,355,3,2,17
1706,7,644,1,1,17
1707,8,1366,4,2,17
1708,9,644,4,2,17
1709,10,572,2,2,17
1710,11,355,1,2,17
1711,12,576,1,1,17
1712,13,914,3,1,17
1713,14,914,4,1,17
1714,15,914,2,2,17
1715,16,576,4,2,17
1716,17,572,4,2,17
1717,18,1366,1,2,17
1718,19,868,3,1,17
1719,20,868,2,2,17
1720,21,1377,3,1,17
1721,22,868,3,2,17
1722,23,868,3,2,17
1723,24,871,3,1,17
1724,25,1387,4,1,17
1725,26,814,2,2,17
1726,27,910,1,2,17
1727,28,676,3,2,17
1728,29,1483,2,1,17
1729,30,1690,3,1,17
1730,31,1483,3,1,17
1731,32,1483,4,2,17
1732,33,1483,3,1,17
1733,34,1483,1,1,17
1734,35,1483,4,1,17
1735,36,508,3,2,17
1736,37,914,2,1,17
1737,38,914,2,2,17
1738,39,2056,2,2,17
1739,40,644,2,1,17
1740,41,743,4,2,17
1741,42,644,1,1,17
1742,43,914,4,2,17
1743,44,576,3,2,17
1744,45,914,1,1,17
1745,46,914,2,1,17
1746,47,644,4,1,17
1747,48,576,3,1,17
1748,49,829,3,1,17
1749,50,1366,3,1,17
1750,51,743,1,1,17
1751,52,576,4,1,17
1752,53,914,4,2,17
1753,54,1761,2,2,17
1754,55,355,3,1,17
1755,56,355,2,1,17
1756,57,743,1,2,17
1757,58,644,1,1,17
1758,59,914,4,1,17
1759,60,1394,2,2,17
1760,61,1167,2,2,17
1761,62,914,4,1,17
1762,63,914,4,2,17
1763,64,829,4,1,17
1764,65,572,4,2,17
1765,66,1103,1,2,17
1766,67,914,3,1,17
1767,68,903,3,1,17
1768,69,903,4,2,17
1769,70,868,1,1,17
1770,71,868,3,1,17
1771,72,868,2,2,17
1772,73,868,4,1,17
1773,74,868,1,1,17
1774,75,868,2,2,17
1775,76,903,3,2,17
1776,77,868,3,1,17
1777,78,868,1,1,17
1778,79,644,1,2,17
1779,80,644,4,2,17
1780,81,644,2,1,17
1781,82,558,2,2,17
1782,83,914,1,1,17
1783,84,914,3,1,17
1784,85,910,1,2,17
1785,86,910,4,1,17
1786,87,910,3,2,17
1787,88,811,1,2,17
1788,89,910,2,2,17
1789,90,1690,2,1,17
1790,91,1483,2,2,17
1791,92,1690,1,1,17
1792,93,1444,3,1,17
1793,94,1483,4,2,17
1794,95,1483,3,2,17
1795,96,1444,2,2,17
1796,97,1444,1,1,17
1797,98,1444,4,1,17
1798,99,1483,4,1,17
1799,100,1629,1,2,17
1800,1,1483,4,2,18
1801,2,1483,3,2,18
1802,3,1444,4,2,18
1803,4,1483,1,2,18
1804,5,1483,3,1,18
1805,6,1483,1,1,18
1806,7,1483,4,2,18
1807,8,508,1,1,18
1808,9,1412,3,1,18
1809,10,914,2,2,18
1810,11,1448,3,1,18
1811,12,1103,2,2,18
1812,13,914,1,1,18
1813,14,644,3,2,18
1814,15,355,3,1,18
1815,16,914,1,1,18
1816,17,1103,4,1,18
1817,18,743,3,1,18
1818,19,914,1,1,18
1819,20,1103,2,2,18
1820,21,914,2,2,18
1821,22,1366,1,1,18
1822,23,914,3,1,18
1823,24,355,3,1,18
1824,25,743,2,2,18
1825,26,644,2,2,18
1826,27,1184,3,2,18
1827,28,1184,4,2,18
1828,29,914,1,2,18
1829,30,914,4,2,18
1830,31,743,2,2,18
1831,32,914,1,1,18
1832,33,829,2,2,18
1833,34,644,1,2,18
1834,35,572,2,1,18
1835,36,914,1,2,18
1836,37,644,3,1,18
1837,38,914,3,2,18
1838,39,355,4,1,18
1839,40,644,1,2,18
1840,41,644,1,1,18
1841,42,914,2,1,18
1842,43,1131,2,1,18
1843,44,868,1,1,18
1844,45,903,3,1,18
1845,46,1131,1,2,18
1846,47,868,3,2,18
1847,48,914,3,2,18
1848,49,1131,2,2,18
1849,50,1131,2,1,18
1850,51,1377,1,1,18
1851,52,1519,3,1,18
1852,53,910,3,1,18
1853,54,914,1,2,18
1854,55,910,1,2,18
1855,56,587,3,2,18
1856,57,1629,3,2,18
1857,58,1334,1,1,18
1858,59,1690,3,1,18
1859,60,1629,1,1,18
1860,61,1483,2,1,18
1861,62,1483,2,2,18
1862,63,1483,2,1,18
1863,64,1690,1,2,18
1864,65,1483,2,1,18
1865,66,1629,2,1,18
1866,67,1629,2,2,18
1867,68,818,4,1,18
1868,69,818,2,2,18
1869,70,914,2,2,18
1870,71,1184,4,1,18
1871,72,1448,4,2,18
1872,73,914,1,1,18
1873,74,644,3,1,18
1874,75,914,2,1,18
1875,76,743,2,1,18
1876,77,1761,1,2,18
1877,78,743,3,2,18
1878,79,644,2,2,18
1879,80,914,1,1,18
1880,81,914,4,1,18
1881,82,576,2,1,18
1882,83,914,3,2,18
1883,84,355,2,1,18
1884,85,1103,3,1,18
1885,86,644,2,1,18
1886,87,743,4,2,18
1887,88,1184,1,2,18
1888,89,743,2,2,18
1889,90,914,3,1,18
1890,91,1167,4,2,18
1891,92,914,1,2,18
1892,93,1184,3,2,18
1893,94,914,2,2,18
1894,95,640,1,2,18
1895,96,914,2,1,18
1896,97,644,3,1,18
1897,98,1761,2,2,18
1898,99,1167,2,1,18
1899,100,644,3,1,18
1900,1,1448,4,1,19
1901,2,914,3,2,19
1902,3,914,4,1,19
1903,4,1131,1,1,19
1904,5,903,4,2,19
1905,6,1387,2,2,19
1906,7,868,2,1,19
1907,8,868,2,2,19
1908,9,868,2,2,19
1909,10,868,1,2,19
1910,11,903,3,1,19
1911,12,903,2,2,19
1912,13,558,3,1,19
1913,14,558,1,2,19
1914,15,558,4,2,19
1915,16,644,2,2,19
1916,17,910,4,2,19
1917,18,910,3,1,19
1918,19,910,1,2,19
1919,20,811,1,1,19
1920,21,910,3,2,19
1921,22,811,1,1,19
1922,23,1629,4,1,19
1923,24,1629,2,1,19
1924,25,1629,2,1,19
1925,26,1629,2,2,19
1926,27,1629,1,2,19
1927,28,1690,1,1,19
1928,29,1690,2,2,19
1929,30,1629,1,1,19
1930,31,1690,1,2,19
1931,32,1629,1,1,19
1932,33,1483,2,2,19
1933,34,1483,3,2,19
1934,35,1483,4,1,19
1935,36,1690,4,2,19
1936,37,1690,3,1,19
1937,38,508,1,2,19
1938,39,508,4,1,19
1939,40,1412,1,2,19
1940,41,1149,2,2,19
1941,42,1743,2,2,19
1942,43,1184,2,1,19
1943,44,914,4,1,19
1944,45,572,1,2,19
1945,46,1451,4,2,19
1946,47,914,2,2,19
1947,48,644,1,2,19
1948,49,914,1,2,19
1949,50,914,2,1,19
1950,51,644,1,1,19
1951,52,914,2,2,19
1952,53,355,2,1,19
1953,54,914,2,2,19
1954,55,914,2,2,19
1955,56,644,4,1,19
1956,57,1419,4,2,19
1957,58,914,1,1,19
1958,59,644,2,1,19
1959,60,572,2,1,19
1960,61,914,3,1,19
1961,62,1103,2,1,19
1962,63,1184,4,2,19
1963,64,914,2,2,19
1964,65,914,3,2,19
1965,66,644,4,1,19
1966,67,644,4,1,19
1967,68,572,4,1,19
1968,69,572,3,2,19
1969,70,743,4,2,19
1970,71,1131,2,2,19
1971,72,1131,3,1,19
1972,73,868,3,2,19
1973,74,868,3,1,19
1974,75,868,2,1,19
1975,76,868,3,2,19
1976,77,1313,3,2,19
1977,78,903,4,1,19
1978,79,914,2,2,19
1979,80,914,2,2,19
1980,81,914,1,2,19
1981,82,910,2,2,19
1982,83,636,3,2,19
1983,84,907,2,1,19
1984,85,814,3,2,19
1985,86,1483,3,1,19
1986,87,1483,4,2,19
1987,88,1629,4,2,19
1988,89,914,1,1,19
1989,90,914,4,2,19
1990,91,914,1,1,19
1991,92,644,1,2,19
1992,93,640,3,2,19
1993,94,829,2,1,19
1994,95,644,2,1,19
1995,96,914,1,2,19
1996,97,914,4,1,19
1997,98,572,2,2,19
1998,99,1103,3,2,19
1999,100,914,1,2,19
2000,1,914,2,2,20
2001,2,1448,4,1,20
2002,3,1394,4,1,20
2003,4,914,3,1,20
2004,5,2337,2,2,20
2005,6,1394,2,1,20
2006,7,914,2,2,20
2007,8,572,2,2,20
2008,9,576,2,2,20
2009,10,829,4,1,20
2010,11,355,3,2,20
2011,12,743,2,1,20
2012,13,914,4,1,20
2013,14,576,3,1,20
2014,15,1761,2,1,20
2015,16,2337,1,2,20
2016,17,914,2,2,20
2017,18,743,4,1,20
2018,19,914,3,1,20
2019,20,1796,1,1,20
2020,21,1313,1,1,20
2021,22,1131,1,1,20
2022,23,868,3,2,20
2023,24,868,3,2,20
2024,25,868,1,2,20
2025,26,868,3,2,20
2026,27,868,3,1,20
2027,28,1519,4,2,20
2028,29,1131,1,2,20
2029,30,1313,1,1,20
2030,31,2092,3,1,20
2031,32,868,4,1,20
2032,33,1387,1,2,20
2033,34,868,1,2,20
2034,35,914,2,1,20
2035,36,811,3,2,20
2036,37,910,3,1,20
2037,38,910,1,2,20
2038,39,508,2,1,20
2039,40,914,4,1,20
2040,41,818,3,2,20
2041,42,818,1,2,20
2042,43,644,2,2,20
2043,44,1451,2,1,20
2044,45,914,1,1,20
2045,46,576,1,1,20
2046,47,914,2,1,20
2047,48,743,4,1,20
2048,49,1103,1,2,20
2049,50,914,2,2,20
2050,51,1451,4,1,20
2051,52,914,2,2,20
2052,53,644,1,1,20
2053,54,829,4,1,20
2054,55,2337,3,2,20
2055,56,644,1,1,20
2056,57,743,3,1,20
2057,58,644,3,2,20
2058,59,572,4,2,20
2059,60,572,2,2,20
2060,61,572,4,1,20
2061,62,914,3,1,20
2062,63,644,4,2,20
2063,64,1131,3,1,20
2064,65,868,1,2,20
2065,66,903,4,1,20
2066,67,868,1,2,20
2067,68,1131,3,2,20
2068,69,868,4,2,20
2069,70,430,3,2,20
2070,71,547,3,2,20
2071,72,2056,1,2,20
2072,73,818,3,2,20
2073,74,1288,4,2,20
2074,75,1184,4,1,20
2075,76,644,4,2,20
2076,77,1369,3,1,20
2077,78,1761,1,1,20
2078,79,829,4,2,20
2079,80,576,4,2,20
2080,81,914,2,1,20
2081,82,914,1,1,20
2082,83,914,3,1,20
2083,84,829,2,1,20
2084,85,355,4,1,20
2085,86,914,1,2,20
2086,87,2337,2,1,20
2087,88,914,3,1,20
2088,89,1394,2,1,20
2089,90,576,4,1,20
2090,91,743,1,2,20
2091,92,914,4,2,20
2092,93,914,4,2,20
2093,94,914,4,2,20
2094,95,868,4,2,20
2095,96,903,3,2,20
2096,97,903,2,2,20
2097,98,857,3,1,20
2098,99,1377,1,2,20
2099,100,914,1,1,20
2100,1,1131,3,2,21
2101,2,868,2,1,21
2102,3,1313,3,1,21
2103,4,903,4,2,21
2104,5,868,1,2,21
2105,6,868,3,2,21
2106,7,1377,1,1,21
2107,8,868,4,2,21
2108,9,430,2,1,21
2109,10,430,3,2,21
2110,11,644,3,1,21
2111,12,910,4,1,21
2112,13,811,3,1,21
2113,14,910,4,1,21
2114,15,910,2,2,21
2115,16,907,2,1,21
2116,17,1629,2,1,21
2117,18,1690,1,2,21
2118,19,1690,4,2,21
2119,20,1690,2,1,21
2120,21,1690,3,2,21
2121,22,1629,2,2,21
2122,23,2056,3,1,21
2123,24,914,2,1,21
2124,25,743,4,1,21
2125,26,576,1,2,21
2126,27,576,4,2,21
2127,28,576,3,1,21
2128,29,2337,1,2,21
2129,30,914,2,1,21
2130,31,572,2,2,21
2131,32,914,4,2,21
2132,33,2337,3,1,21
2133,34,572,2,2,21
2134,35,644,2,1,21
2135,36,644,4,2,21
2136,37,743,2,2,21
2137,38,914,1,2,21
2138,39,644,2,1,21
2139,40,743,4,2,21
2140,41,644,1,1,21
2141,42,829,2,2,21
2142,43,1419,2,2,21
2143,44,1394,3,2,21
2144,45,1761,4,2,21
2145,46,857,4,2,21
2146,47,1131,4,1,21
2147,48,868,4,2,21
2148,49,1313,2,1,21
2149,50,1313,2,2,21
2150,51,1377,3,1,21
2151,52,1313,1,1,21
2152,53,1131,1,2,21
2153,54,868,3,2,21
2154,55,868,1,2,21
2155,56,1387,1,2,21
2156,57,903,2,1,21
2157,58,558,3,1,21
2158,59,910,4,2,21
2159,60,811,3,2,21
2160,61,811,1,1,21
2161,62,811,4,1,21
2162,63,1629,1,2,21
2163,64,1629,1,1,21
2164,65,1437,3,2,21
2165,66,914,4,2,21
2166,67,818,4,1,21
2167,68,1394,3,1,21
2168,69,914,4,1,21
2169,70,644,1,1,21
2170,71,1448,2,2,21
2171,72,644,2,1,21
2172,73,572,4,2,21
2173,74,914,1,1,21
2174,75,914,1,2,21
2175,76,914,1,2,21
2176,77,576,4,1,21
2177,78,914,1,1,21
2178,79,1448,2,2,21
2179,80,644,1,2,21
2180,81,355,1,2,21
2181,82,829,4,2,21
2182,83,1131,2,1,21
2183,84,1643,3,2,21
2184,85,1313,4,1,21
2185,86,914,4,2,21
2186,87,868,3,1,21
2187,88,903,2,1,21
2188,89,644,2,1,21
2189,90,910,4,1,21
2190,91,1160,4,1,21
2191,92,1437,3,2,21
2192,93,914,4,2,21
2193,94,818,1,2,21
2194,95,1149,4,1,21
2195,96,829,2,2,21
2196,97,572,2,2,21
2197,98,2337,3,1,21
2198,99,914,2,2,21
2199,100,829,4,2,21
2200,1,829,1,1,22
2201,2,576,1,2,22
2202,3,914,1,1,22
2203,4,829,3,2,22
2204,5,644,4,2,22
2205,6,1451,2,2,22
2206,7,1167,2,2,22
2207,8,572,4,2,22
2208,9,572,3,2,22
2209,10,644,1,1,22
2210,11,914,3,1,22
2211,12,644,1,1,22
2212,13,355,2,2,22
2213,14,868,4,1,22
2214,15,868,1,2,22
2215,16,1313,4,2,22
2216,17,1377,3,1,22
2217,18,868,3,2,22
2218,19,868,4,1,22
2219,20,903,2,2,22
2220,21,1377,3,2,22
2221,22,868,2,1,22
2222,23,1928,4,2,22
2223,24,914,2,2,22
2224,25,910,3,2,22
2225,26,910,4,1,22
2226,27,814,1,1,22
2227,28,636,4,1,22
2228,29,910,4,1,22
2229,30,1629,2,2,22
2230,31,1629,2,1,22
2231,32,1629,3,1,22
2232,33,1149,1,2,22
2233,34,1412,4,1,22
2234,35,644,4,1,22
2235,36,355,3,1,22
2236,37,576,4,2,22
2237,38,1761,3,1,22
2238,39,644,2,1,22
2239,40,1394,3,1,22
2240,41,914,1,1,22
2241,42,914,4,1,22
2242,43,1366,3,2,22
2243,44,914,4,1,22
2244,45,1419,3,2,22
2245,46,914,1,2,22
2246,47,914,1,2,22
2247,48,1184,1,2,22
2248,49,743,4,1,22
2249,50,572,3,1,22
2250,51,1761,3,2,22
2251,52,829,3,2,22
2252,53,644,3,1,22
2253,54,914,4,2,22
2254,55,1131,3,2,22
2255,56,1313,1,1,22
2256,57,868,3,1,22
2257,58,1131,2,1,22
2258,59,1387,1,1,22
2259,60,1377,3,2,22
2260,61,2092,4,2,22
2261,62,868,4,2,22
2262,63,644,4,1,22
2263,64,910,2,2,22
2264,65,814,4,2,22
2265,66,1629,1,2,22
2266,67,2056,2,1,22
2267,68,1149,1,2,22
2268,69,818,1,1,22
2269,70,1149,1,2,22
2270,71,2337,2,2,22
2271,72,914,4,1,22
2272,73,914,3,1,22
2273,74,1366,1,1,22
2274,75,1448,2,2,22
2275,76,572,2,2,22
2276,77,914,1,1,22
2277,78,1184,2,2,22
2278,79,829,4,2,22
2279,80,572,2,2,22
2280,81,914,4,2,22
2281,82,644,4,1,22
2282,83,1448,4,1,22
2283,84,914,2,2,22
2284,85,1366,2,2,22
2285,86,914,1,2,22
2286,87,914,4,1,22
2287,88,576,1,1,22
2288,89,644,2,1,22
2289,90,743,2,2,22
2290,91,644,1,1,22
2291,92,829,3,2,22
2292,93,914,1,2,22
2293,94,1451,1,1,22
2294,95,743,2,2,22
2295,96,868,1,1,22
2296,97,868,3,2,22
2297,98,914,2,2,22
2298,99,903,2,2,22
2299,100,903,2,1,22
2300,1,868,2,1,23
2301,2,903,1,1,23
2302,3,1131,1,1,23
2303,4,903,4,2,23
2304,5,903,2,2,23
2305,6,644,1,1,23
2306,7,558,4,1,23
2307,8,910,1,1,23
2308,9,910,3,1,23
2309,10,811,2,2,23
2310,11,587,2,2,23
2311,12,1629,1,2,23
2312,13,1483,4,1,23
2313,14,829,3,2,23
2314,15,1761,1,1,23
2315,16,576,3,1,23
2316,17,576,2,2,23
2317,18,355,3,1,23
2318,19,1184,4,2,23
2319,20,355,2,2,23
2320,21,1394,1,2,23
2321,22,829,2,1,23
2322,23,644,1,2,23
2323,24,743,4,1,23
2324,25,572,4,2,23
2325,26,914,1,2,23
2326,27,576,1,2,23
2327,28,1167,2,2,23
2328,29,914,1,2,23
2329,30,1387,3,1,23
2330,31,1131,2,2,23
2331,32,1377,4,1,23
2332,33,868,3,2,23
2333,34,1377,2,2,23
2334,35,1377,2,1,23
2335,36,868,3,1,23
2336,37,1131,2,1,23
2337,38,1131,1,2,23
2338,39,903,4,2,23
2339,40,914,2,1,23
2340,41,910,2,2,23
2341,42,508,2,2,23
2342,43,1412,4,2,23
2343,44,1448,2,2,23
2344,45,1184,1,1,23
2345,46,644,2,1,23
2346,47,644,2,1,23
2347,48,572,2,2,23
2348,49,644,1,2,23
2349,50,644,3,2,23
2350,51,914,2,1,23
2351,52,743,1,1,23
2352,53,1419,2,2,23
2353,54,572,1,1,23
2354,55,914,2,2,23
2355,56,914,1,2,23
2356,57,914,1,1,23
2357,58,572,3,1,23
2358,59,914,3,1,23
2359,60,914,4,2,23
2360,61,572,4,1,23
2361,62,644,1,1,23
2362,63,914,3,1,23
2363,64,1643,2,1,23
2364,65,868,3,1,23
2365,66,868,2,2,23
2366,67,914,1,2,23
2367,68,868,3,1,23
2368,69,903,2,1,23
2369,70,914,1,2,23
2370,71,914,2,1,23
2371,72,1519,4,1,23
2372,73,868,3,1,23
2373,74,644,4,2,23
2374,75,644,2,1,23
2375,76,1160,2,1,23
2376,77,914,4,1,23
2377,78,910,1,1,23
2378,79,814,4,1,23
2379,80,1103,3,1,23
2380,81,914,3,2,23
2381,82,914,2,2,23
2382,83,355,4,2,23
2383,84,572,2,1,23
2384,85,914,3,1,23
2385,86,914,4,2,23
2386,87,1451,1,2,23
2387,88,914,2,1,23
2388,89,644,2,1,23
2389,90,914,1,2,23
2390,91,1761,2,2,23
2391,92,1103,1,1,23
2392,93,743,3,1,23
2393,94,914,2,2,23
2394,95,914,1,2,23
2395,96,644,2,2,23
2396,97,572,4,1,23
2397,98,914,3,2,23
2398,99,355,1,2,23
2399,100,1394,4,1,23
2400,1,1366,1,1,24
2401,2,644,1,1,24
2402,3,1448,4,2,24
2403,4,743,3,1,24
2404,5,868,3,2,24
2405,6,1131,4,2,24
2406,7,868,4,1,24
2407,8,1313,1,2,24
2408,9,1643,1,1,24
2409,10,868,1,1,24
2410,11,1387,3,1,24
2411,12,1131,2,1,24
2412,13,779,4,1,24
2413,14,1519,4,2,24
2414,15,644,2,1,24
2415,16,910,2,2,24
2416,17,910,1,1,24
2417,18,814,4,1,24
2418,19,811,3,2,24
2419,20,587,4,2,24
2420,21,451,3,2,24
2421,22,1149,1,2,24
2422,23,914,4,2,24
2423,24,1103,3,2,24
2424,25,572,2,1,24
2425,26,914,3,1,24
2426,27,829,4,2,24
2427,28,1394,4,1,24
2428,29,829,2,1,24
2429,30,1451,4,1,24
2430,31,914,1,1,24
2431,32,355,1,1,24
2432,33,1394,1,1,24
2433,34,1167,1,1,24
2434,35,1288,2,1,24
2435,36,914,2,1,24
2436,37,743,4,1,24
2437,38,914,3,1,24
2438,39,644,4,1,24
2439,40,1288,1,2,24
2440,41,914,3,1,24
2441,42,914,1,2,24
2442,43,914,1,2,24
2443,44,743,4,1,24
2444,45,644,1,2,24
2445,46,644,1,1,24
2446,47,829,4,1,24
2447,48,914,2,1,24
2448,49,644,1,1,24
2449,50,743,4,2,24
2450,51,914,3,1,24
2451,52,572,3,1,24
2452,53,1167,2,2,24
2453,54,644,1,2,24
2454,55,829,3,1,24
2455,56,644,3,2,24
2456,57,743,1,2,24
2457,58,914,2,1,24
2458,59,1387,3,1,24
2459,60,903,1,2,24
2460,61,868,2,1,24
2461,62,914,3,2,24
2462,63,1377,4,1,24
2463,64,1519,2,2,24
2464,65,903,3,2,24
2465,66,644,3,1,24
2466,67,811,4,1,24
2467,68,910,2,2,24
2468,69,1149,4,2,24
2469,70,640,3,1,24
2470,71,572,2,2,24
2471,72,644,2,2,24
2472,73,914,2,2,24
2473,74,1103,1,1,24
2474,75,914,3,1,24
2475,76,644,3,1,24
2476,77,914,3,1,24
2477,78,914,1,1,24
2478,79,1394,2,2,24
2479,80,1394,1,2,24
2480,81,914,3,1,24
2481,82,829,3,1,24
2482,83,644,2,2,24
2483,84,829,4,1,24
2484,85,1419,1,2,24
2485,86,829,2,2,24
2486,87,914,4,2,24
2487,88,1394,2,1,24
2488,89,1184,2,1,24
2489,90,868,4,2,24
2490,91,914,1,2,24
2491,92,868,1,2,24
2492,93,1327,3,2,24
2493,94,1131,2,1,24
2494,95,644,1,1,24
2495,96,910,1,2,24
2496,97,910,2,2,24
2497,98,910,2,1,24
2498,99,636,2,1,24
2499,100,910,2,1,24
2500,1,793,3,2,25
2501,2,2056,1,1,25
2502,3,1149,1,1,25
2503,4,1437,2,1,25
2504,5,644,1,2,25
2505,6,644,3,1,25
2506,7,572,2,2,25
2507,8,572,3,2,25
2508,9,640,3,1,25
2509,10,829,1,2,25
2510,11,743,4,1,25
2511,12,914,1,1,25
2512,13,1167,1,1,25
2513,14,1419,1,2,25
2514,15,914,4,1,25
2515,16,576,1,2,25
2516,17,1103,4,1,25
2517,18,644,2,1,25
2518,19,640,1,1,25
2519,20,355,4,2,25
2520,21,914,2,2,25
2521,22,914,2,1,25
2522,23,868,3,1,25
2523,24,868,4,2,25
2524,25,1131,4,2,25
2525,26,1327,3,1,25
2526,27,1519,2,1,25
2527,28,1377,3,2,25
2528,29,914,4,2,25
2529,30,903,3,2,25
2530,31,644,2,1,25
2531,32,910,4,2,25
2532,33,910,4,2,25
2533,34,910,1,1,25
2534,35,910,3,1,25
2535,36,508,1,2,25
2536,37,508,4,1,25
2537,38,1437,3,2,25
2538,39,914,1,2,25
2539,40,1412,4,1,25
2540,41,1419,1,1,25
2541,42,914,2,2,25
2542,43,1761,4,2,25
2543,44,914,2,1,25
2544,45,640,3,2,25
2545,46,572,1,1,25
2546,47,914,3,1,25
2547,48,1167,2,2,25
2548,49,644,4,1,25
2549,50,1288,1,2,25
2550,51,644,1,1,25
2551,52,640,4,2,25
2552,53,644,2,2,25
2553,54,644,4,1,25
2554,55,355,4,2,25
2555,56,1377,2,2,25
2556,57,868,2,1,25
2557,58,1387,2,2,25
2558,59,1131,4,2,25
2559,60,1519,1,1,25
2560,61,903,2,2,25
2561,62,903,4,1,25
2562,63,558,2,1,25
2563,64,814,3,2,25
2564,65,907,2,1,25
2565,66,636,4,1,25
2566,67,910,3,2,25
2567,68,818,1,1,25
2568,69,818,2,1,25
2569,70,914,3,2,25
2570,71,644,2,1,25
2571,72,914,3,1,25
2572,73,1394,3,1,25
2573,74,644,4,1,25
2574,75,355,1,1,25
2575,76,644,2,1,25
2576,77,829,1,2,25
2577,78,644,2,2,25
2578,79,829,3,2,25
2579,80,1451,3,2,25
2580,81,355,2,2,25
2581,82,868,1,1,25
2582,83,868,2,2,25
2583,84,910,4,2,25
2584,85,910,1,1,25
2585,86,508,1,2,25
2586,87,818,4,1,25
2587,88,914,4,2,25
2588,89,914,1,2,25
2589,90,829,2,2,25
2590,91,1103,3,2,25
2591,92,829,1,1,25
2592,93,1103,1,2,25
2593,94,914,1,2,25
2594,95,576,2,1,25
2595,96,914,4,1,25
2596,97,1448,2,1,25
2597,98,1103,2,2,25
2598,99,903,4,1,25
2599,100,868,2,1,25
2600,1,857,2,1,26
2601,2,868,1,1,26
2602,3,1131,2,1,26
2603,4,903,2,1,26
2604,5,903,3,2,26
2605,6,2092,2,2,26
2606,7,903,2,2,26
2607,8,868,1,1,26
2608,9,644,4,1,26
2609,10,910,2,1,26
2610,11,910,1,2,26
2611,12,910,3,2,26
2612,13,910,2,2,26
2613,14,910,1,2,26
2614,15,910,1,2,26
2615,16,498,2,1,26
2616,17,1629,2,2,26
2617,18,1690,2,2,26
2618,19,644,1,1,26
2619,20,914,3,1,26
2620,21,914,1,2,26
2621,22,914,1,2,26
2622,23,914,1,1,26
2623,24,914,3,2,26
2624,25,914,1,2,26
2625,26,1451,1,2,26
2626,27,743,3,1,26
2627,28,914,4,1,26
2628,29,914,2,2,26
2629,30,914,3,1,26
2630,31,914,2,1,26
2631,32,914,4,1,26
2632,33,914,3,2,26
2633,34,743,1,2,26
2634,35,572,4,1,26
2635,36,914,2,1,26
2636,37,829,1,2,26
2637,38,644,3,1,26
2638,39,914,2,2,26
2639,40,868,3,2,26
2640,41,1192,3,2,26
2641,42,868,1,1,26
2642,43,1131,1,1,26
2643,44,903,1,2,26
2644,45,903,1,2,26
2645,46,1387,2,2,26
2646,47,868,3,1,26
2647,48,868,3,2,26
2648,49,868,2,2,26
2649,50,558,1,2,26
2650,51,644,3,1,26
2651,52,558,2,2,26
2652,53,910,1,2,26
2653,54,910,1,1,26
2654,55,910,2,1,26
2655,56,1160,1,2,26
2656,57,814,3,2,26
2657,58,1483,1,2,26
2658,59,1743,1,1,26
2659,60,818,2,2,26
2660,61,1437,4,2,26
2661,62,2056,3,2,26
2662,63,1149,3,1,26
2663,64,914,4,1,26
2664,65,914,1,2,26
2665,66,914,3,1,26
2666,67,914,1,1,26
2667,68,1451,2,2,26
2668,69,829,3,2,26
2669,70,914,1,2,26
2670,71,829,1,1,26
2671,72,1394,2,1,26
2672,73,576,4,1,26
2673,74,644,3,2,26
2674,75,644,3,2,26
2675,76,1167,2,2,26
2676,77,644,1,1,26
2677,78,743,2,2,26
2678,79,1184,3,1,26
2679,80,1366,3,1,26
2680,81,914,3,2,26
2681,82,914,3,1,26
2682,83,572,3,1,26
2683,84,914,1,1,26
2684,85,1394,2,2,26
2685,86,572,1,1,26
2686,87,1366,1,1,26
2687,88,829,1,1,26
2688,89,644,3,2,26
2689,90,914,4,1,26
2690,91,914,1,2,26
2691,92,644,3,1,26
2692,93,576,4,1,26
2693,94,1131,4,2,26
2694,95,868,1,1,26
2695,96,868,3,1,26
2696,97,644,2,1,26
2697,98,644,1,1,26
2698,99,558,2,2,26
2699,100,914,3,2,26
2700,1,910,2,2,27
2701,2,910,1,2,27
2702,3,811,4,2,27
2703,4,636,4,2,27
2704,5,811,4,2,27
2705,6,910,2,2,27
2706,7,910,2,1,27
2707,8,676,2,2,27
2708,9,818,4,2,27
2709,10,818,4,2,27
2710,11,914,2,1,27
2711,12,1412,2,2,27
2712,13,1149,3,1,27
2713,14,1412,4,1,27
2714,15,914,1,2,27
2715,16,743,1,2,27
2716,17,914,1,2,27
2717,18,914,1,2,27
2718,19,1451,1,2,27
2719,20,914,1,1,27
2720,21,644,1,1,27
2721,22,1419,4,1,27
2722,23,743,3,1,27
2723,24,644,3,2,27
2724,25,914,4,2,27
2725,26,914,1,2,27
2726,27,644,1,1,27
2727,28,914,3,2,27
2728,29,1103,2,2,27
2729,30,644,4,2,27
2730,31,829,4,1,27
2731,32,1394,3,2,27
2732,33,644,1,2,27
2733,34,914,3,1,27
2734,35,914,3,1,27
2735,36,1394,3,1,27
2736,37,914,4,1,27
2737,38,1451,2,1,27
2738,39,644,2,2,27
2739,40,829,2,2,27
2740,41,829,4,2,27
2741,42,868,3,1,27
2742,43,868,3,2,27
2743,44,1131,4,1,27
2744,45,1192,4,1,27
2745,46,903,1,2,27
2746,47,914,1,1,27
2747,48,903,2,1,27
2748,49,868,1,1,27
2749,50,1387,1,2,27
2750,51,1313,1,2,27
2751,52,558,2,2,27
2752,53,558,2,1,27
2753,54,1160,3,2,27
2754,55,910,4,2,27
2755,56,910,1,2,27
2756,57,910,4,2,27
2757,58,910,2,2,27
2758,59,1273,4,2,27
2759,60,508,3,2,27
2760,61,1437,3,2,27
2761,62,1743,3,1,27
2762,63,914,1,2,27
2763,64,2056,4,2,27
2764,65,914,1,1,27
2765,66,914,1,1,27
2766,67,914,2,1,27
2767,68,640,1,2,27
2768,69,829,2,2,27
2769,70,914,3,1,27
2770,71,1448,2,2,27
2771,72,572,4,2,27
2772,73,2337,2,1,27
2773,74,829,3,2,27
2774,75,1103,2,2,27
2775,76,743,1,2,27
2776,77,644,3,2,27
2777,78,2337,1,1,27
2778,79,914,1,2,27
2779,80,914,4,1,27
2780,81,829,3,2,27
2781,82,644,4,1,27
2782,83,914,4,2,27
2783,84,576,2,2,27
2784,85,914,2,2,27
2785,86,1387,4,1,27
2786,87,1519,2,1,27
2787,88,868,4,1,27
2788,89,1192,4,2,27
2789,90,1643,4,1,27
2790,91,868,2,2,27
2791,92,1192,4,1,27
2792,93,1377,4,1,27
2793,94,1387,3,1,27
2794,95,1643,2,1,27
2795,96,1643,4,1,27
2796,97,914,3,2,27
2797,98,644,2,1,27
2798,99,910,2,2,27
2799,100,1160,3,1,27
2800,1,910,3,1,28
2801,2,910,3,2,28
2802,3,1149,3,1,28
2803,4,1149,3,1,28
2804,5,818,1,1,28
2805,6,914,1,2,28
2806,7,914,4,1,28
2807,8,1448,1,2,28
2808,9,743,3,1,28
2809,10,914,4,2,28
2810,11,1761,2,2,28
2811,12,914,2,1,28
2812,13,1394,2,1,28
2813,14,914,4,2,28
2814,15,914,1,1,28
2815,16,914,1,2,28
2816,17,914,4,1,28
2817,18,644,1,2,28
2818,19,644,2,1,28
2819,20,914,3,1,28
2820,21,914,2,2,28
2821,22,1394,4,2,28
2822,23,1167,2,2,28
2823,24,1103,3,2,28
2824,25,914,3,1,28
2825,26,644,4,1,28
2826,27,576,1,1,28
2827,28,829,2,1,28
2828,29,1419,1,2,28
2829,30,868,2,2,28
2830,31,868,2,2,28
2831,32,1387,3,1,28
2832,33,868,3,1,28
2833,34,914,4,2,28
2834,35,914,1,2,28
2835,36,1131,3,2,28
2836,37,1387,3,2,28
2837,38,868,3,2,28
2838,39,914,2,1,28
2839,40,1131,3,2,28
2840,41,1643,4,2,28
2841,42,868,1,1,28
2842,43,587,4,2,28
2843,44,587,4,1,28
2844,45,451,1,1,28
2845,46,508,4,2,28
2846,47,1149,3,2,28
2847,48,1437,4,2,28
2848,49,914,1,2,28
2849,50,1149,1,1,28
2850,51,1437,2,1,28
2851,52,914,2,1,28
2852,53,572,4,1,28
2853,54,572,2,2,28
2854,55,1167,3,1,28
2855,56,743,1,2,28
2856,57,640,3,1,28
2857,58,914,2,2,28
2858,59,743,1,1,28
2859,60,914,4,2,28
2860,61,914,3,1,28
2861,62,644,4,2,28
2862,63,743,4,2,28
2863,64,914,4,2,28
2864,65,914,1,2,28
2865,66,2337,4,1,28
2866,67,1394,1,2,28
2867,68,914,1,1,28
2868,69,914,1,2,28
2869,70,914,1,2,28
2870,71,829,2,2,28
2871,72,644,1,1,28
2872,73,572,4,2,28
2873,74,868,4,1,28
2874,75,903,1,2,28
2875,76,868,3,2,28
2876,77,1131,3,1,28
2877,78,903,4,1,28
2878,79,903,4,2,28
2879,80,1387,2,2,28
2880,81,914,3,1,28
2881,82,903,2,2,28
2882,83,644,4,1,28
2883,84,811,2,2,28
2884,85,1743,1,2,28
2885,86,914,3,1,28
2886,87,818,1,1,28
2887,88,818,1,1,28
2888,89,818,4,1,28
2889,90,914,1,1,28
2890,91,914,2,1,28
2891,92,743,2,2,28
2892,93,355,1,1,28
2893,94,914,3,2,28
2894,95,1288,4,1,28
2895,96,1103,2,2,28
2896,97,572,3,2,28
2897,98,1448,1,2,28
2898,99,743,3,1,28
2899,100,914,1,1,28
2900,1,644,3,1,29
2901,2,914,3,2,29
2902,3,644,4,1,29
2903,4,743,1,2,29
2904,5,914,2,2,29
2905,6,1761,2,2,29
2906,7,1761,1,2,29
2907,8,914,3,1,29
2908,9,1167,4,2,29
2909,10,644,4,2,29
2910,11,829,3,1,29
2911,12,914,1,2,29
2912,13,576,3,2,29
2913,14,903,1,1,29
2914,15,1387,2,1,29
2915,16,1643,3,1,29
2916,17,868,4,1,29
2917,18,903,4,2,29
2918,19,1796,1,1,29
2919,20,1131,3,2,29
2920,21,1643,2,2,29
2921,22,1377,2,2,29
2922,23,868,1,1,29
2923,24,903,1,1,29
2924,25,1131,3,1,29
2925,26,1519,3,2,29
2926,27,1313,2,2,29
2927,28,910,3,1,29
2928,29,907,4,2,29
2929,30,910,3,1,29
2930,31,907,3,1,29
2931,32,910,3,2,29
2932,33,910,4,2,29
2933,34,910,3,2,29
2934,35,910,4,1,29
2935,36,910,3,2,29
2936,37,910,2,2,29
2937,38,910,3,2,29
2938,39,907,2,2,29
2939,40,910,2,1,29
2940,41,910,4,2,29
2941,42,910,2,2,29
2942,43,910,4,1,29
2943,44,910,3,2,29
2944,45,910,3,2,29
2945,46,910,2,1,29
2946,47,910,1,2,29
2947,48,910,2,2,29
2948,49,910,1,1,29
2949,50,910,1,1,29
2950,51,910,4,1,29
2951,52,910,1,1,29
2952,53,910,1,2,29
2953,54,910,3,2,29
2954,55,910,1,1,29
2955,56,910,4,2,29
2956,57,907,3,2,29
2957,58,910,2,2,29
2958,59,907,2,1,29
2959,60,910,3,2,29
2960,61,910,4,2,29
2961,62,910,4,1,29
2962,63,910,1,2,29
2963,64,910,2,2,29
2964,65,910,3,2,29
2965,66,910,1,2,29
2966,67,910,2,1,29
2967,68,907,4,1,29
2968,69,1690,1,1,29
2969,70,914,4,2,29
2970,71,818,1,1,29
2971,72,1437,3,1,29
2972,73,818,3,1,29
2973,74,2056,3,1,29
2974,75,829,4,2,29
2975,76,914,4,2,29
2976,77,914,1,2,29
2977,78,2337,4,1,29
2978,79,914,1,2,29
2979,80,914,4,2,29
2980,81,1366,2,2,29
2981,82,1394,1,2,29
2982,83,572,3,2,29
2983,84,640,3,1,29
2984,85,914,1,1,29
2985,86,572,4,1,29
2986,87,644,4,1,29
2987,88,644,3,2,29
2988,89,572,2,1,29
2989,90,1184,2,2,29
2990,91,1103,3,2,29
2991,92,576,4,2,29
2992,93,2337,1,2,29
2993,94,1761,2,1,29
2994,95,914,4,1,29
2995,96,829,1,2,29
2996,97,1448,2,1,29
2997,98,829,1,2,29
2998,99,1167,2,1,29
2999,100,1419,1,2,29
3000,1,576,4,2,30
3001,2,2337,2,1,30
3002,3,903,2,1,30
3003,4,1643,2,1,30
3004,5,1643,1,2,30
3005,6,1643,4,1,30
3006,7,868,1,2,30
3007,8,1643,1,2,30
3008,9,868,3,2,30
3009,10,868,4,1,30
3010,11,1313,4,2,30
3011,12,903,3,1,30
3012,13,1313,2,2,30
3013,14,868,2,1,30
3014,15,868,2,2,30
3015,16,1643,4,2,30
3016,17,644,2,1,30
3017,18,736,3,1,30
3018,19,910,1,2,30
3019,20,1160,4,2,30
3020,21,910,2,2,30
3021,22,910,2,2,30
3022,23,907,1,2,30
3023,24,910,4,1,30
3024,25,907,1,2,30
3025,26,907,4,2,30
3026,27,910,2,1,30
3027,28,907,4,2,30
3028,29,907,1,2,30
3029,30,907,4,2,30
3030,31,910,4,1,30
3031,32,910,3,1,30
3032,33,910,2,2,30
3033,34,910,4,2,30
3034,35,910,3,2,30
3035,36,910,4,1,30
3036,37,910,4,2,30
3037,38,910,2,1,30
3038,39,910,2,1,30
3039,40,910,2,2,30
3040,41,910,2,1,30
3041,42,910,4,1,30
3042,43,910,4,1,30
3043,44,910,2,1,30
3044,45,910,2,1,30
3045,46,907,4,1,30
3046,47,910,2,1,30
3047,48,910,2,1,30
3048,49,910,3,1,30
3049,50,910,1,1,30
3050,51,910,1,2,30
3051,52,910,2,2,30
3052,53,910,2,1,30
3053,54,910,2,2,30
3054,55,910,3,2,30
3055,56,910,3,1,30
3056,57,910,1,2,30
3057,58,910,3,2,30
3058,59,910,1,1,30
3059,60,910,2,2,30
3060,61,907,4,1,30
3061,62,910,1,1,30
3062,63,910,3,2,30
3063,64,910,4,2,30
3064,65,907,4,2,30
3065,66,910,1,1,30
3066,67,910,1,2,30
3067,68,910,4,2,30
3068,69,910,2,1,30
3069,70,910,2,2,30
3070,71,910,2,1,30
3071,72,907,3,2,30
3072,73,636,1,1,30
3073,74,1483,2,2,30
3074,75,1483,4,2,30
3075,76,1743,2,1,30
3076,77,818,4,1,30
3077,78,914,1,2,30
3078,79,1437,3,1,30
3079,80,743,1,1,30
3080,81,644,2,1,30
3081,82,644,1,2,30
3082,83,1167,1,2,30
3083,84,743,3,2,30
3084,85,914,2,2,30
3085,86,1448,2,1,30
3086,87,1184,4,1,30
3087,88,572,4,1,30
3088,89,1448,3,2,30
3089,90,1366,3,1,30
3090,91,914,2,1,30
3091,92,644,1,1,30
3092,93,914,3,2,30
3093,94,1761,3,1,30
3094,95,644,3,2,30
3095,96,644,3,2,30
3096,97,572,1,2,30
3097,98,914,3,2,30
3098,99,868,4,2,30
3099,100,903,4,1,30
3100,1,1377,4,2,31
3101,2,1131,4,1,31
3102,3,1928,3,2,31
3103,4,1131,3,2,31
3104,5,1643,3,2,31
3105,6,868,4,2,31
3106,7,868,1,2,31
3107,8,914,3,1,31
3108,9,558,1,1,31
3109,10,910,1,1,31
3110,11,910,3,2,31
3111,12,910,4,2,31
3112,13,1160,2,1,31
3113,14,910,2,2,31
3114,15,907,4,2,31
3115,16,910,4,1,31
3116,17,907,2,2,31
3117,18,910,3,1,31
3118,19,907,2,1,31
3119,20,910,3,1,31
3120,21,907,3,2,31
3121,22,907,2,2,31
3122,23,910,3,1,31
3123,24,907,2,1,31
3124,25,907,2,1,31
3125,26,910,2,1,31
3126,27,910,4,2,31
3127,28,910,2,2,31
3128,29,910,2,1,31
3129,30,910,1,2,31
3130,31,910,1,1,31
3131,32,907,4,2,31
3132,33,910,2,1,31
3133,34,814,4,1,31
3134,35,910,3,1,31
3135,36,910,1,2,31
3136,37,636,1,2,31
3137,38,587,4,1,31
3138,39,1483,3,2,31
3139,40,1412,4,2,31
3140,41,818,3,1,31
3141,42,644,4,1,31
3142,43,1103,2,1,31
3143,44,914,2,2,31
3144,45,914,2,1,31
3145,46,914,4,1,31
3146,47,914,1,1,31
3147,48,914,4,2,31
3148,49,2337,4,2,31
3149,50,914,1,1,31
3150,51,829,2,1,31
3151,52,1419,3,1,31
3152,53,1394,2,1,31
3153,54,743,4,2,31
3154,55,644,4,2,31
3155,56,1103,2,1,31
3156,57,914,4,2,31
3157,58,572,1,2,31
3158,59,914,3,2,31
3159,60,868,2,2,31
3160,61,868,2,1,31
3161,62,1387,3,2,31
3162,63,868,1,2,31
3163,64,1192,4,2,31
3164,65,868,1,1,31
3165,66,903,1,2,31
3166,67,903,2,2,31
3167,68,1313,4,2,31
3168,69,910,4,2,31
3169,70,910,3,2,31
3170,71,910,4,2,31
3171,72,910,2,2,31
3172,73,910,1,1,31
3173,74,910,2,2,31
3174,75,910,4,2,31
3175,76,910,1,2,31
3176,77,587,1,1,31
3177,78,1483,2,2,31
3178,79,1743,2,1,31
3179,80,914,3,1,31
3180,81,572,1,1,31
3181,82,829,1,2,31
3182,83,914,2,2,31
3183,84,644,1,1,31
3184,85,914,4,1,31
3185,86,1103,2,1,31
3186,87,829,2,2,31
3187,88,355,3,2,31
3188,89,914,1,2,31
3189,90,743,3,1,31
3190,91,1103,4,1,31
3191,92,914,1,1,31
3192,93,644,3,1,31
3193,94,857,3,2,31
3194,95,1192,2,1,31
3195,96,868,4,2,31
3196,97,1377,3,2,31
3197,98,1643,1,1,31
3198,99,779,2,1,31
3199,100,1313,3,2,31
3200,1,910,2,1,32
3201,2,636,3,2,32
3202,3,910,2,2,32
3203,4,910,1,2,32
3204,5,1149,1,2,32
3205,6,1743,1,2,32
3206,7,644,2,1,32
3207,8,572,4,1,32
3208,9,914,3,1,32
3209,10,914,1,1,32
3210,11,644,1,2,32
3211,12,644,4,2,32
3212,13,640,2,2,32
3213,14,572,3,2,32
3214,15,914,1,1,32
3215,16,572,4,2,32
3216,17,914,1,1,32
3217,18,644,4,1,32
3218,19,1167,3,2,32
3219,20,644,1,1,32
3220,21,572,2,2,32
3221,22,644,2,1,32
3222,23,576,3,2,32
3223,24,743,4,2,32
3224,25,1451,2,2,32
3225,26,644,1,1,32
3226,27,1131,3,1,32
3227,28,903,2,1,32
3228,29,1643,1,2,32
3229,30,857,4,2,32
3230,31,868,2,1,32
3231,32,903,2,2,32
3232,33,903,4,1,32
3233,34,910,3,1,32
3234,35,1160,3,1,32
3235,36,914,4,2,32
3236,37,910,4,1,32
3237,38,587,3,2,32
3238,39,676,3,2,32
3239,40,1273,3,2,32
3240,41,1483,4,1,32
3241,42,2056,4,2,32
3242,43,1743,4,2,32
3243,44,914,1,2,32
3244,45,1149,2,1,32
3245,46,1412,3,1,32
3246,47,1743,2,2,32
3247,48,572,1,1,32
3248,49,572,3,2,32
3249,50,572,3,2,32
3250,51,1103,1,2,32
3251,52,572,3,1,32
3252,53,1184,1,2,32
3253,54,644,3,1,32
3254,55,829,1,1,32
3255,56,914,1,2,32
3256,57,903,4,2,32
3257,58,868,1,2,32
3258,59,1377,4,1,32
3259,60,1643,1,2,32
3260,61,903,4,2,32
3261,62,1313,3,1,32
3262,63,1192,4,2,32
3263,64,1387,3,1,32
3264,65,1313,4,1,32
3265,66,903,4,2,32
3266,67,1131,4,1,32
3267,68,558,1,2,32
3268,69,1160,1,1,32
3269,70,1160,4,2,32
3270,71,910,1,1,32
3271,72,910,2,2,32
3272,73,587,1,2,32
3273,74,1483,1,1,32
3274,75,914,4,2,32
3275,76,1412,2,2,32
3276,77,2056,1,2,32
3277,78,914,2,1,32
3278,79,576,3,1,32
3279,80,644,3,2,32
3280,81,914,4,1,32
3281,82,644,1,2,32
3282,83,2337,2,1,32
3283,84,644,1,1,32
3284,85,829,1,1,32
3285,86,743,2,2,32
3286,87,644,1,2,32
3287,88,914,3,2,32
3288,89,1103,1,1,32
3289,90,644,3,1,32
3290,91,914,3,2,32
3291,92,914,2,1,32
3292,93,576,4,2,32
3293,94,914,2,2,32
3294,95,644,4,2,32
3295,96,914,1,1,32
3296,97,1761,4,2,32
3297,98,914,3,2,32
3298,99,914,4,1,32
3299,100,572,1,2,32
3300,1,914,1,2,33
3301,2,914,4,1,33
3302,3,914,4,2,33
3303,4,914,4,2,33
3304,5,1451,2,2,33
3305,6,644,2,1,33
3306,7,576,1,2,33
3307,8,829,3,1,33
3308,9,914,3,1,33
3309,10,1643,4,1,33
3310,11,857,1,2,33
3311,12,1928,3,2,33
3312,13,903,2,1,33
3313,14,868,2,2,33
3314,15,903,1,1,33
3315,16,868,3,1,33
3316,17,868,1,1,33
3317,18,1643,1,1,33
3318,19,1643,3,2,33
3319,20,910,3,2,33
3320,21,910,4,1,33
3321,22,1444,3,2,33
3322,23,547,2,1,33
3323,24,1743,2,2,33
3324,25,1149,1,2,33
3325,26,1149,2,1,33
3326,27,1149,1,1,33
3327,28,1437,4,2,33
3328,29,1184,2,1,33
3329,30,644,1,1,33
3330,31,576,2,2,33
3331,32,914,2,2,33
3332,33,576,2,1,33
3333,34,572,4,2,33
3334,35,1103,2,2,33
3335,36,572,1,2,33
3336,37,829,1,2,33
3337,38,914,2,1,33
3338,39,1643,1,2,33
3339,40,903,2,1,33
3340,41,868,2,2,33
3341,42,903,4,1,33
3342,43,914,4,2,33
3343,44,903,4,2,33
3344,45,1643,1,2,33
3345,46,1131,3,2,33
3346,47,903,4,2,33
3347,48,868,2,1,33
3348,49,903,1,1,33
3349,50,1643,1,2,33
3350,51,903,1,1,33
3351,52,910,2,1,33
3352,53,910,2,1,33
3353,54,907,2,1,33
3354,55,910,1,1,33
3355,56,1483,3,2,33
3356,57,1690,3,1,33
3357,58,1334,1,1,33
3358,59,910,3,1,33
3359,60,1437,4,2,33
3360,61,2056,4,2,33
3361,62,1149,1,2,33
3362,63,1448,2,1,33
3363,64,1419,3,1,33
3364,65,1451,2,1,33
3365,66,914,3,2,33
3366,67,914,1,1,33
3367,68,914,2,1,33
3368,69,914,1,2,33
3369,70,1103,2,2,33
3370,71,644,2,1,33
3371,72,644,2,1,33
3372,73,743,3,2,33
3373,74,572,1,2,33
3374,75,1451,3,1,33
3375,76,644,4,1,33
3376,77,1167,1,1,33
3377,78,743,4,1,33
3378,79,1103,3,2,33
3379,80,1394,3,1,33
3380,81,829,3,2,33
3381,82,572,1,2,33
3382,83,914,1,2,33
3383,84,743,3,1,33
3384,85,1131,1,2,33
3385,86,1313,3,2,33
3386,87,1643,4,2,33
3387,88,868,2,2,33
3388,89,1387,4,1,33
3389,90,1643,2,1,33
3390,91,903,3,1,33
3391,92,1377,4,2,33
3392,93,1377,1,2,33
3393,94,868,4,1,33
3394,95,903,1,1,33
3395,96,903,4,1,33
3396,97,1313,4,2,33
3397,98,1643,2,2,33
3398,99,868,2,2,33
3399,100,910,3,1,33
3400,1,910,1,2,34
3401,2,636,3,2,34
3402,3,1149,2,1,34
3403,4,2056,3,1,34
3404,5,1149,4,2,34
3405,6,1412,4,2,34
3406,7,1412,4,1,34
3407,8,1149,1,2,34
3408,9,1437,4,2,34
3409,10,1103,3,1,34
3410,11,644,1,1,34
3411,12,640,1,1,34
3412,13,914,4,1,34
3413,14,576,3,2,34
3414,15,1451,2,1,34
3415,16,743,3,2,34
3416,17,1394,1,1,34
3417,18,2337,2,2,34
3418,19,572,1,1,34
3419,20,914,2,1,34
3420,21,1103,1,1,34
3421,22,640,4,1,34
3422,23,914,4,2,34
3423,24,644,1,1,34
3424,25,1184,1,2,34
3425,26,572,3,1,34
3426,27,1761,2,1,34
3427,28,1131,1,2,34
3428,29,1131,1,2,34
3429,30,1131,4,1,34
3430,31,1131,3,2,34
3431,32,1796,2,2,34
3432,33,779,2,1,34
3433,34,779,2,1,34
3434,35,903,2,2,34
3435,36,868,3,1,34
3436,37,868,3,1,34
3437,38,857,4,2,34
3438,39,644,3,2,34
3439,40,910,4,2,34
3440,41,1160,4,1,34
3441,42,814,4,1,34
3442,43,910,4,2,34
3443,44,636,4,2,34
3444,45,1273,3,1,34
3445,46,1690,4,1,34
3446,47,1444,2,1,34
3447,48,1743,2,1,34
3448,49,1743,2,2,34
3449,50,914,3,1,34
3450,51,1412,1,2,34
3451,52,914,1,1,34
3452,53,1412,2,2,34
3453,54,914,4,1,34
3454,55,288,3,1,34
3455,56,355,4,1,34
3456,57,572,2,2,34
3457,58,644,1,1,34
3458,59,1167,2,2,34
3459,60,1288,1,1,34
3460,61,1167,1,2,34
3461,62,914,2,1,34
3462,63,1288,4,1,34
3463,64,1451,2,1,34
3464,65,644,2,2,34
3465,66,914,3,1,34
3466,67,743,3,1,34
3467,68,914,2,2,34
3468,69,743,1,2,34
3469,70,1419,2,1,34
3470,71,572,3,1,34
3471,72,644,1,1,34
3472,73,914,4,1,34
3473,74,743,3,2,34
3474,75,572,4,1,34
3475,76,1103,4,2,34
3476,77,903,1,1,34
3477,78,868,4,2,34
3478,79,1131,2,2,34
3479,80,857,2,1,34
3480,81,1131,4,2,34
3481,82,903,2,2,34
3482,83,1377,2,2,34
3483,84,903,1,1,34
3484,85,857,1,1,34
3485,86,1387,1,1,34
3486,87,1131,2,2,34
3487,88,1796,4,1,34
3488,89,903,2,1,34
3489,90,558,3,2,34
3490,91,558,4,2,34
3491,92,910,3,2,34
3492,93,907,1,1,34
3493,94,907,4,2,34
3494,95,907,1,1,34
3495,96,811,1,1,34
3496,97,910,3,2,34
3497,98,910,4,1,34
3498,99,814,2,2,34
3499,100,156,4,1,34
3500,1,156,1,2,35
3501,2,1444,1,2,35
3502,3,1629,1,2,35
3503,4,818,3,1,35
3504,5,2056,3,1,35
3505,6,1437,1,2,35
3506,7,743,3,2,35
3507,8,914,4,2,35
3508,9,644,3,1,35
3509,10,914,4,1,35
3510,11,914,4,1,35
3511,12,914,2,1,35
3512,13,914,2,2,35
3513,14,1761,3,2,35
3514,15,1448,1,1,35
3515,16,644,4,2,35
3516,17,743,4,1,35
3517,18,743,4,2,35
3518,19,914,2,1,35
3519,20,644,4,1,35
3520,21,644,3,2,35
3521,22,829,4,2,35
3522,23,914,3,2,35
3523,24,644,1,2,35
3524,25,829,3,1,35
3525,26,743,4,1,35
3526,27,644,1,2,35
3527,28,644,3,2,35
3528,29,1394,2,1,35
3529,30,355,3,2,35
3530,31,829,4,2,35
3531,32,576,1,1,35
3532,33,743,2,2,35
3533,34,1167,3,1,35
3534,35,914,3,2,35
3535,36,1761,3,2,35
3536,37,1394,3,1,35
3537,38,1643,2,2,35
3538,39,1377,2,2,35
3539,40,1643,3,2,35
3540,41,1643,1,1,35
3541,42,1131,2,2,35
3542,43,1928,4,2,35
3543,44,903,3,2,35
3544,45,1131,1,1,35
3545,46,1519,4,2,35
3546,47,868,3,1,35
3547,48,857,4,1,35
3548,49,1387,4,1,35
3549,50,1377,3,2,35
3550,51,868,3,2,35
3551,52,914,4,2,35
3552,53,1387,1,2,35
3553,54,644,2,1,35
3554,55,430,1,2,35
3555,56,558,2,2,35
3556,57,910,3,2,35
3557,58,910,1,1,35
3558,59,910,1,1,35
3559,60,910,1,2,35
3560,61,910,4,1,35
3561,62,636,2,2,35
3562,63,910,2,2,35
3563,64,1629,3,2,35
3564,65,508,4,1,35
3565,66,1412,3,1,35
3566,67,2056,4,1,35
3567,68,914,4,2,35
3568,69,288,1,1,35
3569,70,572,1,1,35
3570,71,288,1,2,35
3571,72,644,1,1,35
3572,73,270,1,2,35
3573,74,288,4,1,35
3574,75,1448,3,2,35
3575,76,640,1,2,35
3576,77,644,4,2,35
3577,78,644,1,2,35
3578,79,644,2,1,35
3579,80,644,2,2,35
3580,81,288,1,1,35
3581,82,914,4,2,35
3582,83,914,2,2,35
3583,84,644,3,2,35
3584,85,1394,2,1,35
3585,86,743,4,1,35
3586,87,914,1,1,35
3587,88,288,1,2,35
3588,89,1761,3,2,35
3589,90,288,3,2,35
3590,91,1394,4,2,35
3591,92,644,2,2,35
3592,93,829,2,1,35
3593,94,644,2,1,35
3594,95,829,1,1,35
3595,96,914,2,2,35
3596,97,1192,4,2,35
3597,98,1643,2,2,35
3598,99,903,1,1,35
3599,100,1643,3,1,35
3600,1,1387,3,2,36
3601,2,914,4,2,36
3602,3,1131,3,1,36
3603,4,1387,2,1,36
3604,5,644,3,2,36
3605,6,430,2,1,36
3606,7,558,4,2,36
3607,8,910,4,2,36
3608,9,910,3,2,36
3609,10,814,1,2,36
3610,11,1483,1,2,36
3611,12,1690,2,2,36
3612,13,1743,1,1,36
3613,14,644,4,1,36
3614,15,914,4,1,36
3615,16,644,1,1,36
3616,17,1448,2,2,36
3617,18,914,2,1,36
3618,19,829,2,2,36
3619,20,644,1,2,36
3620,21,355,2,1,36
3621,22,576,4,2,36
3622,23,572,1,2,36
3623,24,914,2,1,36
3624,25,914,3,1,36
3625,26,288,4,1,36
3626,27,829,2,1,36
3627,28,288,1,1,36
3628,29,914,3,1,36
3629,30,644,2,2,36
3630,31,829,3,1,36
3631,32,576,4,2,36
3632,33,1167,1,1,36
3633,34,355,2,1,36
3634,35,914,4,2,36
3635,36,868,1,1,36
3636,37,1643,3,2,36
3637,38,1643,2,1,36
3638,39,1643,1,1,36
3639,40,914,1,2,36
3640,41,1377,1,2,36
3641,42,903,1,1,36
3642,43,868,2,2,36
3643,44,1928,4,2,36
3644,45,914,2,1,36
3645,46,910,4,1,36
3646,47,811,4,2,36
3647,48,910,4,1,36
3648,49,587,1,2,36
3649,50,160,4,1,36
3650,51,1483,1,1,36
3651,52,1690,2,2,36
3652,53,1444,2,2,36
3653,54,914,1,2,36
3654,55,818,4,2,36
3655,56,743,4,1,36
3656,57,743,3,1,36
3657,58,914,4,1,36
3658,59,572,3,1,36
3659,60,355,2,1,36
3660,61,2337,2,2,36
3661,62,288,1,2,36
3662,63,644,2,2,36
3663,64,644,2,2,36
3664,65,1419,2,1,36
3665,66,355,1,1,36
3666,67,572,1,1,36
3667,68,355,4,1,36
3668,69,355,1,2,36
3669,70,743,4,2,36
3670,71,1419,2,1,36
3671,72,1167,2,2,36
3672,73,572,1,1,36
3673,74,743,4,1,36
3674,75,914,3,1,36
3675,76,914,4,2,36
3676,77,213,4,1,36
3677,78,914,4,1,36
3678,79,743,3,1,36
3679,80,1387,2,1,36
3680,81,2092,2,2,36
3681,82,1643,4,1,36
3682,83,779,2,2,36
3683,84,1519,4,1,36
3684,85,1928,2,2,36
3685,86,903,4,2,36
3686,87,903,4,2,36
3687,88,868,2,1,36
3688,89,1643,2,1,36
3689,90,1643,4,1,36
3690,91,1643,3,2,36
3691,92,868,2,2,36
3692,93,914,1,1,36
3693,94,1387,1,2,36
3694,95,1928,2,2,36
3695,96,1643,4,1,36
3696,97,910,2,1,36
3697,98,1160,1,2,36
3698,99,814,3,2,36
3699,100,910,1,1,36
3700,1,587,2,2,37
3701,2,135,3,2,37
3702,3,135,4,1,37
3703,4,156,3,2,37
3704,5,1483,4,1,37
3705,6,1444,4,2,37
3706,7,1483,3,1,37
3707,8,1483,3,2,37
3708,9,1483,1,2,37
3709,10,451,3,1,37
3710,11,1743,2,2,37
3711,12,910,3,2,37
3712,13,640,1,1,37
3713,14,914,3,1,37
3714,15,1419,4,2,37
3715,16,1419,3,2,37
3716,17,1103,1,2,37
3717,18,914,1,1,37
3718,19,644,1,1,37
3719,20,576,1,2,37
3720,21,914,2,2,37
3721,22,644,3,2,37
3722,23,914,2,1,37
3723,24,914,3,1,37
3724,25,644,4,1,37
3725,26,572,1,1,37
3726,27,644,3,1,37
3727,28,743,1,1,37
3728,29,640,1,2,37
3729,30,743,1,1,37
3730,31,1167,4,2,37
3731,32,914,1,2,37
3732,33,914,2,1,37
3733,34,1519,2,1,37
3734,35,1928,4,2,37
3735,36,1519,3,2,37
3736,37,857,4,2,37
3737,38,868,4,1,37
3738,39,914,1,2,37
3739,40,868,2,2,37
3740,41,1387,1,2,37
3741,42,1643,2,2,37
3742,43,1928,2,1,37
3743,44,1387,4,2,37
3744,45,1131,2,1,37
3745,46,1928,4,2,37
3746,47,1643,4,2,37
3747,48,1643,1,2,37
3748,49,868,3,2,37
3749,50,903,2,2,37
3750,51,1643,3,1,37
3751,52,871,4,2,37
3752,53,868,4,1,37
3753,54,1387,3,1,37
3754,55,558,1,1,37
3755,56,644,1,2,37
3756,57,910,3,2,37
3757,58,910,2,2,37
3758,59,910,2,2,37
3759,60,910,1,2,37
3760,61,811,1,2,37
3761,62,910,3,2,37
3762,63,814,2,2,37
3763,64,910,1,1,37
3764,65,135,1,2,37
3765,66,1273,4,1,37
3766,67,1483,3,1,37
3767,68,1483,1,2,37
3768,69,640,4,2,37
3769,70,1761,4,1,37
3770,71,1366,4,2,37
3771,72,277,3,1,37
3772,73,914,3,1,37
3773,74,1394,2,2,37
3774,75,1394,4,1,37
3775,76,355,2,1,37
3776,77,1451,2,1,37
3777,78,572,2,2,37
3778,79,1288,2,2,37
3779,80,288,3,1,37
3780,81,576,2,2,37
3781,82,914,1,2,37
3782,83,914,1,2,37
3783,84,914,1,1,37
3784,85,572,1,2,37
3785,86,1761,4,2,37
3786,87,829,1,1,37
3787,88,644,1,2,37
3788,89,914,2,1,37
3789,90,1419,1,2,37
3790,91,644,4,2,37
3791,92,288,3,1,37
3792,93,914,2,2,37
3793,94,206,2,2,37
3794,95,576,3,1,37
3795,96,355,1,2,37
3796,97,743,3,2,37
3797,98,868,2,2,37
3798,99,868,1,2,37
3799,100,903,4,1,37
3800,1,868,2,2,38
3801,2,871,1,1,38
3802,3,1377,1,2,38
3803,4,1131,3,1,38
3804,5,903,2,2,38
3805,6,1643,4,1,38
3806,7,868,1,2,38
3807,8,903,3,2,38
3808,9,868,2,1,38
3809,10,868,1,2,38
3810,11,1519,2,1,38
3811,12,1643,1,1,38
3812,13,1643,3,1,38
3813,14,1643,1,1,38
3814,15,868,1,1,38
3815,16,1796,2,1,38
3816,17,868,1,2,38
3817,18,1643,2,2,38
3818,19,868,4,2,38
3819,20,1377,3,1,38
3820,21,910,3,1,38
3821,22,910,4,1,38
3822,23,907,1,2,38
3823,24,907,1,2,38
3824,25,910,1,1,38
3825,26,910,2,1,38
3826,27,587,4,2,38
3827,28,676,4,2,38
3828,29,156,4,1,38
3829,30,1444,4,2,38
3830,31,1483,1,1,38
3831,32,508,4,1,38
3832,33,914,2,1,38
3833,34,1149,3,1,38
3834,35,1412,1,1,38
3835,36,1149,2,1,38
3836,37,818,4,2,38
3837,38,1437,2,2,38
3838,39,1412,2,1,38
3839,40,914,3,2,38
3840,41,644,2,1,38
3841,42,644,2,2,38
3842,43,355,3,2,38
3843,44,572,1,1,38
3844,45,914,2,2,38
3845,46,1419,3,1,38
3846,47,644,1,2,38
3847,48,914,3,2,38
3848,49,644,4,1,38
3849,50,914,2,2,38
3850,51,640,1,1,38
3851,52,644,3,1,38
3852,53,914,3,1,38
3853,54,1103,1,1,38
3854,55,1103,2,2,38
3855,56,288,4,2,38
3856,57,2337,4,1,38
3857,58,2337,4,1,38
3858,59,829,3,1,38
3859,60,2337,3,1,38
3860,61,644,1,2,38
3861,62,829,4,1,38
3862,63,743,2,1,38
3863,64,1394,2,2,38
3864,65,914,2,1,38
3865,66,914,1,2,38
3866,67,914,4,1,38
3867,68,572,2,2,38
3868,69,1103,4,2,38
3869,70,1103,3,2,38
3870,71,576,3,2,38
3871,72,355,4,1,38
3872,73,644,1,2,38
3873,74,868,2,1,38
3874,75,1387,4,1,38
3875,76,1387,2,2,38
3876,77,868,2,2,38
3877,78,868,1,1,38
3878,79,1643,3,2,38
3879,80,1928,2,1,38
3880,81,868,3,2,38
3881,82,868,2,1,38
3882,83,868,4,2,38
3883,84,857,1,2,38
3884,85,1519,1,2,38
3885,86,868,4,1,38
3886,87,868,2,1,38
3887,88,1796,1,2,38
3888,89,868,3,2,38
3889,90,1313,3,1,38
3890,91,868,2,1,38
3891,92,1387,3,1,38
3892,93,1928,4,1,38
3893,94,1928,1,2,38
3894,95,1928,1,1,38
3895,96,1928,4,2,38
3896,97,903,4,2,38
3897,98,910,3,2,38
3898,99,1160,3,1,38
3899,100,910,4,1,38
3900,1,910,1,1,39
3901,2,910,2,1,39
3902,3,907,2,1,39
3903,4,907,3,2,39
3904,5,910,2,2,39
3905,6,910,3,1,39
3906,7,814,4,1,39
3907,8,636,1,1,39
3908,9,636,4,2,39
3909,10,636,3,2,39
3910,11,910,2,2,39
3911,12,135,4,2,39
3912,13,135,4,2,39
3913,14,1334,3,1,39
3914,15,1483,3,2,39
3915,16,1483,4,2,39
3916,17,1483,3,2,39
3917,18,910,3,2,39
3918,19,508,3,2,39
3919,20,914,2,1,39
3920,21,818,1,1,39
3921,22,1743,2,1,39
3922,23,914,3,1,39
3923,24,1743,1,2,39
3924,25,1149,4,2,39
3925,26,1743,3,2,39
3926,27,2337,4,2,39
3927,28,2337,4,1,39
3928,29,2337,1,1,39
3929,30,640,3,1,39
3930,31,644,4,2,39
3931,32,914,1,2,39
3932,33,1184,4,2,39
3933,34,914,3,1,39
3934,35,914,4,1,39
3935,36,576,2,2,39
3936,37,914,3,1,39
3937,38,644,3,1,39
3938,39,1448,3,2,39
3939,40,576,3,2,39
3940,41,355,4,1,39
3941,42,644,3,2,39
3942,43,572,4,2,39
3943,44,1761,1,1,39
3944,45,1451,3,1,39
3945,46,1167,2,1,39
3946,47,288,3,1,39
3947,48,572,3,1,39
3948,49,644,1,1,39
3949,50,644,1,1,39
3950,51,572,1,2,39
3951,52,1394,3,2,39
3952,53,288,4,1,39
3953,54,1092,2,1,39
3954,55,1928,2,2,39
3955,56,1928,3,2,39
3956,57,1387,4,2,39
3957,58,1643,2,2,39
3958,59,1131,2,1,39
3959,60,868,3,2,39
3960,61,868,3,2,39
3961,62,868,3,1,39
3962,63,868,2,2,39
3963,64,868,4,2,39
3964,65,903,1,1,39
3965,66,1928,4,1,39
3966,67,868,2,2,39
3967,68,1387,4,1,39
3968,69,868,2,1,39
3969,70,644,2,2,39
3970,71,558,2,1,39
3971,72,914,1,1,39
3972,73,910,2,1,39
3973,74,910,4,2,39
3974,75,910,2,2,39
3975,76,910,4,1,39
3976,77,910,1,1,39
3977,78,135,3,1,39
3978,79,135,4,2,39
3979,80,1483,3,1,39
3980,81,1690,1,2,39
3981,82,1273,4,2,39
3982,83,1334,2,1,39
3983,84,508,3,2,39
3984,85,914,4,2,39
3985,86,1394,3,2,39
3986,87,2337,1,2,39
3987,88,644,2,1,39
3988,89,2337,4,2,39
3989,90,1419,1,2,39
3990,91,914,4,2,39
3991,92,1366,4,1,39
3992,93,1419,2,2,39
3993,94,914,1,1,39
3994,95,1103,1,2,39
3995,96,1167,4,1,39
3996,97,743,1,1,39
3997,98,829,3,1,39
3998,99,743,1,2,39
3999,100,644,1,1,39
4000,1,914,2,1,40
4001,2,288,3,2,40
4002,3,1448,4,1,40
4003,4,914,4,1,40
4004,5,576,2,1,40
4005,6,1387,1,2,40
4006,7,1387,2,1,40
4007,8,1519,4,1,40
4008,9,1643,2,2,40
4009,10,1643,3,1,40
4010,11,1928,1,1,40
4011,12,903,1,2,40
4012,13,914,1,1,40
4013,14,1643,4,2,40
4014,15,868,2,1,40
4015,16,1643,3,1,40
4016,17,903,3,1,40
4017,18,1643,4,1,40
4018,19,1643,1,1,40
4019,20,868,4,1,40
4020,21,1643,3,2,40
4021,22,903,4,2,40
4022,23,903,1,2,40
4023,24,1192,1,1,40
4024,25,1387,4,1,40
4025,26,910,3,2,40
4026,27,910,4,1,40
4027,28,910,2,2,40
4028,29,910,1,1,40
4029,30,910,1,2,40
4030,31,1629,4,2,40
4031,32,1629,2,1,40
4032,33,1273,2,1,40
4033,34,1334,3,2,40
4034,35,1690,1,1,40
4035,36,508,1,2,40
4036,37,1412,2,1,40
4037,38,2056,3,1,40
4038,39,2056,3,1,40
4039,40,2056,4,1,40
4040,41,2056,2,2,40
4041,42,1149,4,2,40
4042,43,1743,3,1,40
4043,44,914,2,2,40
4044,45,1184,3,2,40
4045,46,914,3,2,40
4046,47,914,3,1,40
4047,48,644,4,1,40
4048,49,914,3,2,40
4049,50,576,1,1,40
4050,51,572,1,2,40
4051,52,644,2,1,40
4052,53,355,1,1,40
4053,54,829,1,2,40
4054,55,288,3,2,40
4055,56,914,4,1,40
4056,57,829,4,1,40
4057,58,914,4,1,40
4058,59,914,1,1,40
4059,60,829,2,1,40
4060,61,1167,2,2,40
4061,62,743,1,1,40
4062,63,1103,2,1,40
4063,64,914,2,1,40
4064,65,288,2,2,40
4065,66,1131,3,1,40
4066,67,1643,1,2,40
4067,68,1387,2,1,40
4068,69,1387,4,2,40
4069,70,868,1,1,40
4070,71,868,1,2,40
4071,72,910,1,2,40
4072,73,910,3,2,40
4073,74,910,1,1,40
4074,75,910,3,1,40
4075,76,910,2,2,40
4076,77,910,3,2,40
4077,78,587,1,2,40
4078,79,163,2,2,40
4079,80,135,2,2,40
4080,81,1690,3,2,40
4081,82,1334,4,2,40
4082,83,1334,4,1,40
4083,84,1743,1,1,40
4084,85,818,1,1,40
4085,86,914,4,2,40
4086,87,1437,1,1,40
4087,88,1412,1,2,40
4088,89,914,1,1,40
4089,90,640,3,1,40
4090,91,914,3,2,40
4091,92,1451,1,2,40
4092,93,572,1,1,40
4093,94,355,4,1,40
4094,95,1761,1,2,40
4095,96,914,1,2,40
4096,97,640,1,1,40
4097,98,914,2,1,40
4098,99,914,4,2,40
4099,100,355,4,1,40
4100,1,914,2,2,41
4101,2,914,4,1,41
4102,3,829,4,1,41
4103,4,914,1,1,41
4104,5,914,4,1,41
4105,6,572,4,2,41
4106,7,1394,2,1,41
4107,8,914,4,2,41
4108,9,572,1,2,41
4109,10,288,2,2,41
4110,11,2337,4,1,41
4111,12,288,1,2,41
4112,13,644,2,2,41
4113,14,288,4,2,41
4114,15,355,3,2,41
4115,16,355,2,1,41
4116,17,576,3,1,41
4117,18,288,2,2,41
4118,19,914,3,2,41
4119,20,914,1,1,41
4120,21,1103,4,2,41
4121,22,868,1,1,41
4122,23,1643,3,2,41
4123,24,1387,3,2,41
4124,25,903,3,2,41
4125,26,1643,4,1,41
4126,27,1387,3,1,41
4127,28,903,3,2,41
4128,29,868,3,1,41
4129,30,1643,2,2,41
4130,31,914,2,1,41
4131,32,1928,1,2,41
4132,33,868,2,1,41
4133,34,1387,1,1,41
4134,35,1377,4,1,41
4135,36,903,1,1,41
4136,37,1643,4,2,41
4137,38,1387,4,1,41
4138,39,868,3,2,41
4139,40,868,3,2,41
4140,41,868,3,1,41
4141,42,558,2,1,41
4142,43,910,4,2,41
4143,44,910,2,1,41
4144,45,910,4,1,41
4145,46,907,2,2,41
4146,47,907,4,1,41
4147,48,814,4,2,41
4148,49,1334,4,2,41
4149,50,1629,1,2,41
4150,51,1483,2,2,41
4151,52,914,1,1,41
4152,53,2056,3,2,41
4153,54,2056,2,2,41
4154,55,818,2,1,41
4155,56,1437,1,2,41
4156,57,914,1,2,41
4157,58,1103,3,1,41
4158,59,829,1,1,41
4159,60,1448,1,2,41
4160,61,914,4,1,41
4161,62,829,3,1,41
4162,63,1167,2,1,41
4163,64,644,1,1,41
4164,65,644,2,2,41
4165,66,288,2,2,41
4166,67,644,4,1,41
4167,68,743,3,1,41
4168,69,914,2,1,41
4169,70,288,2,1,41
4170,71,1103,2,1,41
4171,72,288,3,1,41
4172,73,829,3,1,41
4173,74,914,2,2,41
4174,75,914,1,2,41
4175,76,576,2,2,41
4176,77,644,1,2,41
4177,78,1928,4,2,41
4178,79,914,4,1,41
4179,80,868,4,1,41
4180,81,1313,2,1,41
4181,82,1387,4,2,41
4182,83,903,1,1,41
4183,84,868,2,2,41
4184,85,868,1,1,41
4185,86,868,4,2,41
4186,87,868,3,2,41
4187,88,1643,3,2,41
4188,89,903,4,1,41
4189,90,1519,3,2,41
4190,91,903,1,1,41
4191,92,868,2,1,41
4192,93,914,2,2,41
4193,94,910,1,1,41
4194,95,910,2,2,41
4195,96,910,3,1,41
4196,97,907,2,2,41
4197,98,907,4,2,41
4198,99,910,4,1,41
4199,100,811,4,2,41
4200,1,910,3,2,42
4201,2,910,4,2,42
4202,3,907,3,1,42
4203,4,814,3,1,42
4204,5,587,1,2,42
4205,6,1483,3,1,42
4206,7,508,3,1,42
4207,8,910,2,1,42
4208,9,2056,3,2,42
4209,10,1437,4,1,42
4210,11,1743,1,1,42
4211,12,914,3,2,42
4212,13,1743,2,2,42
4213,14,914,1,1,42
4214,15,1167,2,2,42
4215,16,914,2,2,42
4216,17,644,2,2,42
4217,18,572,3,2,42
4218,19,914,4,1,42
4219,20,914,1,2,42
4220,21,2337,2,2,42
4221,22,914,2,2,42
4222,23,910,1,1,42
4223,24,572,3,2,42
4224,25,644,1,2,42
4225,26,572,1,1,42
4226,27,644,2,1,42
4227,28,644,3,1,42
4228,29,914,1,1,42
4229,30,907,2,2,42
4230,31,576,1,2,42
4231,32,743,1,2,42
4232,33,644,1,2,42
4233,34,829,2,1,42
4234,35,914,3,1,42
4235,36,640,3,2,42
4236,37,288,1,1,42
4237,38,288,1,2,42
4238,39,288,2,1,42
4239,40,743,1,1,42
4240,41,914,1,2,42
4241,42,291,3,1,42
4242,43,213,2,1,42
4243,44,288,1,1,42
4244,45,914,4,2,42
4245,46,576,4,1,42
4246,47,914,4,2,42
4247,48,914,3,2,42
4248,49,572,3,2,42
4249,50,1184,3,1,42
4250,51,914,3,2,42
4251,52,1131,1,1,42
4252,53,1643,3,1,42
4253,54,1387,2,1,42
4254,55,868,3,1,42
4255,56,1387,4,2,42
4256,57,1387,4,1,42
4257,58,868,4,2,42
4258,59,903,4,1,42
4259,60,903,4,1,42
4260,61,868,4,1,42
4261,62,1387,3,2,42
4262,63,903,3,1,42
4263,64,1643,2,1,42
4264,65,1643,1,2,42
4265,66,868,4,1,42
4266,67,914,3,2,42
4267,68,910,4,2,42
4268,69,910,4,2,42
4269,70,910,4,2,42
4270,71,910,3,1,42
4271,72,910,3,2,42
4272,73,811,1,1,42
4273,74,587,4,2,42
4274,75,587,4,2,42
4275,76,156,3,2,42
4276,77,156,3,1,42
4277,78,192,2,2,42
4278,79,156,1,1,42
4279,80,1483,3,1,42
4280,81,1483,2,1,42
4281,82,1629,3,2,42
4282,83,1483,2,1,42
4283,84,2056,2,2,42
4284,85,818,3,2,42
4285,86,914,2,1,42
4286,87,644,4,2,42
4287,88,914,1,1,42
4288,89,914,2,2,42
4289,90,914,1,1,42
4290,91,288,2,1,42
4291,92,644,2,1,42
4292,93,914,1,1,42
4293,94,572,3,1,42
4294,95,644,1,1,42
4295,96,914,3,1,42
4296,97,644,4,2,42
4297,98,288,1,2,42
4298,99,576,2,2,42
4299,100,640,3,2,42
4300,1,903,2,2,43
4301,2,1643,1,2,43
4302,3,903,4,2,43
4303,4,903,3,1,43
4304,5,868,3,1,43
4305,6,1519,1,1,43
4306,7,1643,1,1,43
4307,8,903,1,2,43
4308,9,1643,3,1,43
4309,10,914,4,1,43
4310,11,857,1,2,43
4311,12,868,3,1,43
4312,13,910,2,1,43
4313,14,907,3,1,43
4314,15,910,4,1,43
4315,16,910,4,2,43
4316,17,910,1,2,43
4317,18,814,3,1,43
4318,19,910,3,1,43
4319,20,910,2,2,43
4320,21,587,2,2,43
4321,22,156,4,1,43
4322,23,156,2,1,43
4323,24,1629,1,2,43
4324,25,1273,4,2,43
4325,26,1483,4,1,43
4326,27,1273,1,2,43
4327,28,1483,4,1,43
4328,29,914,1,1,43
4329,30,1412,1,2,43
4330,31,1743,4,1,43
4331,32,2056,4,1,43
4332,33,2056,1,2,43
4333,34,1149,3,2,43
4334,35,914,4,2,43
4335,36,914,3,1,43
4336,37,1035,1,1,43
4337,38,914,1,1,43
4338,39,1394,4,2,43
4339,40,644,2,1,43
4340,41,914,1,1,43
4341,42,914,4,2,43
4342,43,288,3,2,43
4343,44,914,4,1,43
4344,45,914,3,1,43
4345,46,829,3,1,43
4346,47,1184,2,2,43
4347,48,914,1,1,43
4348,49,914,1,2,43
4349,50,355,4,1,43
4350,51,914,3,1,43
4351,52,576,4,1,43
4352,53,914,4,1,43
4353,54,1419,3,1,43
4354,55,644,3,1,43
4355,56,644,2,2,43
4356,57,572,2,2,43
4357,58,1419,1,1,43
4358,59,576,4,1,43
4359,60,640,4,1,43
4360,61,1377,3,2,43
4361,62,868,1,1,43
4362,63,1643,4,1,43
4363,64,1387,1,1,43
4364,65,868,3,2,43
4365,66,1643,2,2,43
4366,67,1131,1,2,43
4367,68,1643,4,2,43
4368,69,1643,1,1,43
4369,70,868,3,1,43
4370,71,1928,1,1,43
4371,72,1643,2,1,43
4372,73,1131,3,2,43
4373,74,1519,2,1,43
4374,75,868,3,2,43
4375,76,2092,3,2,43
4376,77,1377,2,1,43
4377,78,1387,3,2,43
4378,79,1160,1,2,43
4379,80,1160,3,1,43
4380,81,910,3,2,43
4381,82,910,4,2,43
4382,83,907,2,2,43
4383,84,156,2,2,43
4384,85,1273,2,2,43
4385,86,1690,1,2,43
4386,87,1629,3,1,43
4387,88,1690,2,2,43
4388,89,1690,2,1,43
4389,90,1273,2,1,43
4390,91,1273,1,2,43
4391,92,715,2,1,43
4392,93,910,2,1,43
4393,94,1412,2,1,43
4394,95,1743,4,2,43
4395,96,1412,2,1,43
4396,97,914,4,2,43
4397,98,644,3,2,43
4398,99,2056,3,2,43
4399,100,914,3,1,43
4400,1,644,3,1,44
4401,2,743,1,1,44
4402,3,829,4,2,44
4403,4,910,4,1,44
4404,5,1252,3,2,44
4405,6,907,3,1,44
4406,7,2337,1,1,44
4407,8,1761,2,2,44
4408,9,914,4,1,44
4409,10,1103,4,2,44
4410,11,644,4,2,44
4411,12,914,4,1,44
4412,13,914,3,2,44
4413,14,644,2,1,44
4414,15,1448,4,2,44
4415,16,914,4,2,44
4416,17,572,4,2,44
4417,18,355,4,2,44
4418,19,355,3,1,44
4419,20,1103,4,2,44
4420,21,288,2,1,44
4421,22,1092,2,2,44
4422,23,288,4,1,44
4423,24,576,3,2,44
4424,25,288,2,2,44
4425,26,288,2,1,44
4426,27,355,2,2,44
4427,28,1928,3,2,44
4428,29,1387,4,2,44
4429,30,914,3,2,44
4430,31,1387,2,1,44
4431,32,868,3,2,44
4432,33,903,1,1,44
4433,34,1387,1,2,44
4434,35,868,3,2,44
4435,36,1643,2,2,44
4436,37,868,3,1,44
4437,38,779,4,1,44
4438,39,1313,3,1,44
4439,40,1377,1,2,44
4440,41,644,2,1,44
4441,42,910,2,1,44
4442,43,910,4,1,44
4443,44,910,1,1,44
4444,45,910,3,2,44
4445,46,498,4,2,44
4446,47,587,3,1,44
4447,48,135,2,2,44
4448,49,135,4,1,44
4449,50,135,1,1,44
4450,51,1690,2,2,44
4451,52,1273,3,1,44
4452,53,1690,1,2,44
4453,54,914,1,2,44
4454,55,1149,1,2,44
4455,56,914,2,1,44
4456,57,1149,2,2,44
4457,58,1149,3,2,44
4458,59,1184,3,2,44
4459,60,1448,3,2,44
4460,61,1288,4,2,44
4461,62,355,4,2,44
4462,63,1167,3,1,44
4463,64,288,1,2,44
4464,65,1761,3,2,44
4465,66,576,3,2,44
4466,67,1394,3,2,44
4467,68,1394,1,1,44
4468,69,572,1,1,44
4469,70,843,2,2,44
4470,71,1394,1,1,44
4471,72,355,4,1,44
4472,73,644,2,2,44
4473,74,355,4,1,44
4474,75,914,4,2,44
4475,76,914,1,2,44
4476,77,914,3,1,44
4477,78,1451,2,1,44
4478,79,1092,4,2,44
4479,80,914,4,2,44
4480,81,1131,3,1,44
4481,82,779,3,2,44
4482,83,903,2,1,44
4483,84,903,4,2,44
4484,85,903,1,2,44
4485,86,1387,3,1,44
4486,87,903,2,2,44
4487,88,903,3,2,44
4488,89,1519,2,2,44
4489,90,1928,3,1,44
4490,91,1928,1,1,44
4491,92,914,3,2,44
4492,93,1131,3,1,44
4493,94,914,1,1,44
4494,95,914,1,2,44
4495,96,910,2,2,44
4496,97,907,4,1,44
4497,98,910,1,2,44
4498,99,811,1,2,44
4499,100,587,3,2,44
4500,1,1273,1,2,45
4501,2,910,4,2,45
4502,3,508,1,1,45
4503,4,576,4,1,45
4504,5,1761,3,1,45
4505,6,288,3,2,45
4506,7,914,4,2,45
4507,8,914,3,2,45
4508,9,1451,3,1,45
4509,10,576,3,2,45
4510,11,288,2,1,45
4511,12,1643,1,1,45
4512,13,868,1,2,45
4513,14,903,4,1,45
4514,15,914,1,2,45
4515,16,1131,4,2,45
4516,17,868,3,2,45
4517,18,868,4,2,45
4518,19,1796,1,1,45
4519,20,1928,1,2,45
4520,21,914,1,2,45
4521,22,1928,3,2,45
4522,23,1928,1,2,45
4523,24,910,3,1,45
4524,25,910,4,1,45
4525,26,907,3,2,45
4526,27,811,4,1,45
4527,28,636,1,2,45
4528,29,1690,2,2,45
4529,30,1334,1,1,45
4530,31,1690,2,1,45
4531,32,508,1,1,45
4532,33,1149,2,2,45
4533,34,2056,4,2,45
4534,35,1743,4,2,45
4535,36,829,4,1,45
4536,37,743,1,1,45
4537,38,288,1,1,45
4538,39,1366,3,2,45
4539,40,288,4,2,45
4540,41,914,4,1,45
4541,42,355,4,2,45
4542,43,355,3,2,45
4543,44,1256,2,2,45
4544,45,903,3,2,45
4545,46,868,4,2,45
4546,47,868,3,1,45
4547,48,1387,4,2,45
4548,49,1387,2,1,45
4549,50,903,2,1,45
4550,51,1387,3,1,45
4551,52,1643,3,2,45
4552,53,1796,1,1,45
4553,54,1643,4,2,45
4554,55,644,1,2,45
4555,56,910,3,1,45
4556,57,811,4,2,45
4557,58,135,2,1,45
4558,59,156,3,1,45
4559,60,138,1,2,45
4560,61,1273,2,2,45
4561,62,1483,2,2,45
4562,63,1444,2,1,45
4563,64,1690,3,2,45
4564,65,508,2,1,45
4565,66,1743,1,2,45
4566,67,914,2,2,45
4567,68,1149,4,2,45
4568,69,818,2,1,45
4569,70,914,4,2,45
4570,71,914,3,1,45
4571,72,213,2,1,45
4572,73,743,3,1,45
4573,74,914,4,1,45
4574,75,1394,4,2,45
4575,76,843,3,2,45
4576,77,914,4,1,45
4577,78,644,3,1,45
4578,79,914,3,1,45
4579,80,914,4,1,45
4580,81,914,2,1,45
4581,82,914,3,2,45
4582,83,743,2,2,45
4583,84,1366,2,1,45
4584,85,1394,4,2,45
4585,86,910,4,1,45
4586,87,1092,4,2,45
4587,88,644,2,2,45
4588,89,743,2,1,45
4589,90,743,4,1,45
4590,91,288,3,1,45
4591,92,576,1,2,45
4592,93,1643,1,1,45
4593,94,868,4,1,45
4594,95,1928,3,1,45
4595,96,1796,1,1,45
4596,97,903,1,1,45
4597,98,868,4,2,45
4598,99,903,3,2,45
4599,100,1327,4,2,45
4600,1,903,3,2,46
4601,2,910,1,2,46
4602,3,910,3,2,46
4603,4,1629,1,1,46
4604,5,914,3,2,46
4605,6,355,4,1,46
4606,7,914,3,2,46
4607,8,743,1,1,46
4608,9,829,2,1,46
4609,10,644,2,1,46
4610,11,644,4,2,46
4611,12,743,1,1,46
4612,13,644,1,1,46
4613,14,910,3,2,46
4614,15,868,3,2,46
4615,16,868,4,1,46
4616,17,914,3,2,46
4617,18,868,4,2,46
4618,19,857,4,2,46
4619,20,426,1,1,46
4620,21,910,1,2,46
4621,22,135,2,2,46
4622,23,1483,1,2,46
4623,24,1273,3,1,46
4624,25,914,4,1,46
4625,26,914,2,1,46
4626,27,640,3,2,46
4627,28,644,4,1,46
4628,29,1761,2,2,46
4629,30,291,1,2,46
4630,31,644,3,1,46
4631,32,1761,3,1,46
4632,33,1167,1,2,46
4633,34,644,1,2,46
4634,35,576,1,2,46
4635,36,868,2,1,46
4636,37,1643,1,1,46
4637,38,1928,4,1,46
4638,39,1131,1,1,46
4639,40,644,3,1,46
4640,41,426,4,1,46
4641,42,426,4,1,46
4642,43,644,3,2,46
4643,44,644,2,1,46
4644,45,644,1,2,46
4645,46,644,3,1,46
4646,47,644,3,1,46
4647,48,426,4,2,46
4648,49,644,1,1,46
4649,50,644,1,1,46
4650,51,426,1,1,46
4651,52,426,3,1,46
4652,53,644,2,2,46
4653,54,644,3,2,46
4654,55,644,1,1,46
4655,56,644,4,1,46
4656,57,644,2,1,46
4657,58,644,2,1,46
4658,59,644,3,1,46
4659,60,644,2,1,46
4660,61,644,1,2,46
4661,62,426,2,1,46
4662,63,644,3,1,46
4663,64,644,3,2,46
4664,65,644,2,2,46
4665,66,644,1,2,46
4666,67,644,4,1,46
4667,68,644,1,2,46
4668,69,644,2,1,46
4669,70,426,3,2,46
4670,71,644,4,2,46
4671,72,644,2,2,46
4672,73,644,1,2,46
4673,74,644,4,1,46
4674,75,644,2,2,46
4675,76,644,2,2,46
4676,77,644,2,1,46
4677,78,426,1,2,46
4678,79,644,4,2,46
4679,80,644,3,1,46
4680,81,644,3,1,46
4681,82,644,3,1,46
4682,83,644,3,1,46
4683,84,644,4,1,46
4684,85,644,2,2,46
4685,86,644,1,1,46
4686,87,644,1,2,46
4687,88,426,3,2,46
4688,89,426,4,2,46
4689,90,644,1,1,46
4690,91,644,2,2,46
4691,92,644,4,1,46
4692,93,426,3,1,46
4693,94,426,2,1,46
4694,95,644,3,1,46
4695,96,644,3,1,46
4696,97,644,4,1,46
4697,98,644,1,2,46
4698,99,644,2,1,46
4699,100,644,2,2,46
4700,1,644,3,2,47
4701,2,644,4,1,47
4702,3,426,2,1,47
4703,4,644,3,2,47
4704,5,426,2,2,47
4705,6,644,1,2,47
4706,7,644,2,1,47
4707,8,644,4,1,47
4708,9,644,3,2,47
4709,10,644,2,1,47
4710,11,426,4,1,47
4711,12,644,4,1,47
4712,13,644,1,1,47
4713,14,644,1,1,47
4714,15,644,4,2,47
4715,16,644,3,1,47
4716,17,426,4,2,47
4717,18,644,4,1,47
4718,19,644,2,1,47
4719,20,644,1,2,47
4720,21,644,2,2,47
4721,22,644,2,1,47
4722,23,644,4,2,47
4723,24,426,1,1,47
4724,25,426,1,1,47
4725,26,644,2,2,47
4726,27,644,1,2,47
4727,28,644,4,1,47
4728,29,644,2,1,47
4729,30,644,4,1,47
4730,31,644,2,1,47
4731,32,644,1,1,47
4732,33,644,1,2,47
4733,34,644,4,2,47
4734,35,644,1,1,47
4735,36,644,2,2,47
4736,37,644,4,1,47
4737,38,644,2,1,47
4738,39,426,1,2,47
4739,40,644,1,2,47
4740,41,644,1,2,47
4741,42,644,4,1,47
4742,43,426,1,1,47
4743,44,644,2,2,47
4744,45,644,4,1,47
4745,46,644,3,1,47
4746,47,644,1,1,47
4747,48,644,4,1,47
4748,49,644,4,2,47
4749,50,644,2,2,47
4750,51,426,2,1,47
4751,52,644,2,2,47
4752,53,426,1,2,47
4753,54,644,3,2,47
4754,55,644,2,2,47
4755,56,644,4,2,47
4756,57,644,3,2,47
4757,58,644,4,1,47
4758,59,644,1,2,47
4759,60,644,2,2,47
4760,61,644,1,1,47
4761,62,426,2,2,47
4762,63,644,3,1,47
4763,64,644,1,2,47
4764,65,644,1,1,47
4765,66,644,3,1,47
4766,67,644,1,1,47
4767,68,644,4,1,47
4768,69,426,1,2,47
4769,70,644,2,1,47
4770,71,644,2,1,47
4771,72,644,2,2,47
4772,73,644,1,1,47
4773,74,644,4,2,47
4774,75,644,4,2,47
4775,76,426,3,2,47
4776,77,644,2,2,47
4777,78,644,1,1,47
4778,79,644,2,1,47
4779,80,426,3,1,47
4780,81,644,2,2,47
4781,82,644,1,1,47
4782,83,644,4,2,47
4783,84,426,4,2,47
4784,85,426,3,1,47
4785,86,426,3,1,47
4786,87,644,4,2,47
4787,88,644,2,1,47
4788,89,644,3,1,47
4789,90,644,1,2,47
4790,91,644,3,1,47
4791,92,644,4,2,47
4792,93,644,3,2,47
4793,94,426,1,1,47
4794,95,644,3,2,47
4795,96,644,2,2,47
4796,97,644,4,2,47
4797,98,644,3,2,47
4798,99,644,3,1,47
4799,100,426,1,2,47
4800,1,426,4,1,48
4801,2,644,2,2,48
4802,3,644,2,2,48
4803,4,644,1,2,48
4804,5,644,2,1,48
4805,6,644,4,2,48
4806,7,644,2,1,48
4807,8,644,2,2,48
4808,9,644,4,2,48
4809,10,644,4,1,48
4810,11,644,3,1,48
4811,12,644,1,1,48
4812,13,426,2,2,48
4813,14,644,3,1,48
4814,15,644,4,2,48
4815,16,426,3,2,48
4816,17,644,2,1,48
4817,18,644,2,1,48
4818,19,426,2,1,48
4819,20,644,3,1,48
4820,21,644,1,1,48
4821,22,644,3,2,48
4822,23,644,4,2,48
4823,24,644,4,2,48
4824,25,426,1,2,48
4825,26,644,3,1,48
4826,27,644,1,2,48
4827,28,644,4,2,48
4828,29,644,3,2,48
4829,30,644,2,1,48
4830,31,644,4,1,48
4831,32,644,3,1,48
4832,33,426,3,2,48
4833,34,644,2,2,48
4834,35,644,4,2,48
4835,36,644,2,2,48
4836,37,644,2,1,48
4837,38,426,2,2,48
4838,39,644,4,2,48
4839,40,644,1,1,48
4840,41,644,3,2,48
4841,42,644,4,1,48
4842,43,426,2,1,48
4843,44,644,1,2,48
4844,45,644,2,1,48
4845,46,644,3,2,48
4846,47,644,4,1,48
4847,48,644,1,1,48
4848,49,644,3,1,48
4849,50,644,2,2,48
4850,51,644,1,1,48
4851,52,644,2,1,48
4852,53,644,1,2,48
4853,54,644,2,2,48
4854,55,644,3,2,48
4855,56,644,2,2,48
4856,57,644,2,1,48
4857,58,644,3,2,48
4858,59,426,4,2,48
4859,60,644,2,2,48
4860,61,644,1,1,48
4861,62,644,3,2,48
4862,63,426,3,2,48
4863,64,644,4,1,48
4864,65,644,4,1,48
4865,66,644,3,2,48
4866,67,644,1,1,48
4867,68,644,1,2,48
4868,69,644,3,1,48
4869,70,644,2,1,48
4870,71,644,1,2,48
4871,72,644,3,1,48
4872,73,644,1,2,48
4873,74,644,2,1,48
4874,75,644,2,2,48
4875,76,644,1,1,48
4876,77,636,1,1,48
4877,78,508,2,2,48
4878,79,644,3,2,48
4879,80,288,4,2,48
4880,81,644,3,1,48
4881,82,572,1,1,48
4882,83,640,4,1,48
4883,84,907,2,2,48
4884,85,1761,3,1,48
4885,86,1184,4,1,48
4886,87,1184,4,1,48
4887,88,914,4,2,48
4888,89,1192,3,1,48
4889,90,868,4,2,48
4890,91,1377,3,1,48
4891,92,1377,1,1,48
4892,93,644,1,2,48
4893,94,910,3,1,48
4894,95,644,3,2,48
4895,96,644,4,2,48
4896,97,644,1,2,48
4897,98,644,4,2,48
4898,99,644,2,1,48
4899,100,644,3,1,48
4900,1,587,1,2,49
4901,2,135,3,2,49
4902,3,1629,3,2,49
4903,4,1483,2,1,49
4904,5,508,2,1,49
4905,6,914,4,1,49
4906,7,576,1,2,49
4907,8,644,4,2,49
4908,9,843,1,2,49
4909,10,355,4,1,49
4910,11,572,2,2,49
4911,12,640,2,1,49
4912,13,640,2,2,49
4913,14,1103,4,1,49
4914,15,843,3,2,49
4915,16,288,4,2,49
4916,17,281,3,1,49
4917,18,846,3,2,49
4918,19,644,1,1,49
4919,20,846,4,1,49
4920,21,572,4,2,49
4921,22,868,3,1,49
4922,23,903,4,2,49
4923,24,914,4,1,49
4924,25,1387,4,2,49
4925,26,1313,1,1,49
4926,27,1643,2,2,49
4927,28,910,1,2,49
4928,29,907,3,2,49
4929,30,910,2,2,49
4930,31,910,2,2,49
4931,32,907,1,2,49
4932,33,910,2,1,49
4933,34,811,1,1,49
4934,35,910,3,2,49
4935,36,814,2,2,49
4936,37,814,4,2,49
4937,38,587,1,1,49
4938,39,135,3,2,49
4939,40,135,2,1,49
4940,41,135,2,2,49
4941,42,156,3,2,49
4942,43,1483,4,1,49
4943,44,1690,1,2,49
4944,45,508,2,1,49
4945,46,910,4,1,49
4946,47,547,3,2,49
4947,48,843,1,1,49
4948,49,1092,3,2,49
4949,50,572,1,2,49
4950,51,288,4,2,49
4951,52,914,4,1,49
4952,53,843,3,1,49
4953,54,644,3,2,49
4954,55,843,3,2,49
4955,56,1761,2,1,49
4956,57,914,1,2,49
4957,58,640,4,2,49
4958,59,914,4,2,49
4959,60,1761,3,2,49
4960,61,288,3,1,49
4961,62,1366,2,1,49
4962,63,644,4,1,49
4963,64,640,3,2,49
4964,65,1448,4,1,49
4965,66,576,4,1,49
4966,67,1252,1,2,49
4967,68,288,1,2,49
4968,69,868,2,2,49
4969,70,1643,4,2,49
4970,71,1377,2,2,49
4971,72,1643,4,1,49
4972,73,868,1,1,49
4973,74,903,1,1,49
4974,75,644,4,2,49
4975,76,1387,4,2,49
4976,77,868,3,1,49
4977,78,644,3,1,49
4978,79,910,4,1,49
4979,80,426,2,1,49
4980,81,910,3,1,49
4981,82,907,4,2,49
4982,83,1629,4,1,49
4983,84,793,2,1,49
4984,85,914,1,1,49
4985,86,829,4,2,49
4986,87,1103,2,1,49
4987,88,355,3,1,49
4988,89,288,1,2,49
4989,90,288,1,1,49
4990,91,1092,3,2,49
4991,92,355,4,1,49
4992,93,644,4,2,49
4993,94,743,3,1,49
4994,95,572,1,2,49
4995,96,288,4,2,49
4996,97,910,3,1,49
4997,98,829,1,2,49
4998,99,914,2,2,49
4999,100,914,2,2,49
5000,1,914,2,1,50
5001,2,1103,3,2,50
5002,3,914,1,1,50
5003,4,1451,4,2,50
5004,5,644,1,2,50
5005,6,843,2,1,50
5006,7,1131,1,1,50
5007,8,1519,2,1,50
5008,9,1192,3,1,50
5009,10,868,3,1,50
5010,11,1131,1,1,50
5011,12,903,3,2,50
5012,13,558,4,2,50
5013,14,907,1,1,50
5014,15,910,2,1,50
5015,16,914,3,2,50
5016,17,910,4,2,50
5017,18,640,1,2,50
5018,19,914,1,1,50
5019,20,914,3,2,50
5020,21,1761,3,1,50
5021,22,914,2,2,50
5022,23,572,4,1,50
5023,24,914,4,2,50
5024,25,572,1,2,50
5025,26,644,2,1,50
5026,27,914,3,1,50
5027,28,743,2,2,50
5028,29,914,3,1,50
5029,30,1252,4,2,50
5030,31,572,1,1,50
5031,32,914,1,1,50
5032,33,846,2,1,50
5033,34,1313,2,1,50
5034,35,903,4,1,50
5035,36,1643,3,1,50
5036,37,1643,4,2,50
5037,38,1131,2,2,50
5038,39,1928,1,2,50
5039,40,910,4,1,50
5040,41,910,3,2,50
5041,42,910,3,2,50
5042,43,910,3,2,50
5043,44,910,2,1,50
5044,45,910,3,2,50
5045,46,636,4,1,50
5046,47,910,3,1,50
5047,48,156,1,2,50
5048,49,135,1,2,50
5049,50,135,1,2,50
5050,51,1273,1,2,50
5051,52,1483,3,1,50
5052,53,508,2,2,50
5053,54,910,1,2,50
5054,55,2056,1,1,50
5055,56,914,2,1,50
5056,57,914,2,1,50
5057,58,843,3,2,50
5058,59,644,4,1,50
5059,60,914,1,2,50
5060,61,914,1,1,50
5061,62,1419,4,2,50
5062,63,644,1,1,50
5063,64,743,3,2,50
5064,65,743,3,2,50
5065,66,644,4,1,50
5066,67,355,1,1,50
5067,68,843,3,2,50
5068,69,640,4,2,50
5069,70,1451,4,2,50
5070,71,1366,4,2,50
5071,72,903,2,2,50
5072,73,868,3,1,50
5073,74,1377,2,1,50
5074,75,1519,1,2,50
5075,76,914,2,2,50
5076,77,644,4,2,50
5077,78,644,1,2,50
5078,79,910,1,2,50
5079,80,644,2,2,50
5080,81,644,1,1,50
5081,82,907,3,1,50
5082,83,811,1,2,50
5083,84,135,3,1,50
5084,85,1334,1,1,50
5085,86,1629,1,2,50
5086,87,1690,1,1,50
5087,88,644,4,2,50
5088,89,914,2,2,50
5089,90,1412,3,2,50
5090,91,818,2,2,50
5091,92,1252,2,1,50
5092,93,843,1,1,50
5093,94,743,2,2,50
5094,95,355,3,1,50
5095,96,644,1,2,50
5096,97,640,1,2,50
5097,98,914,1,1,50
5098,99,914,2,2,50
5099,100,846,4,1,50